/*
SQLyog Community v13.3.0 (64 bit)
MySQL - 8.0.41 : Database - sirp
*********************************************************************
*/

/*!40101 SET NAMES utf8 */;

/*!40101 SET SQL_MODE=''*/;

/*!40014 SET @OLD_UNIQUE_CHECKS=@@UNIQUE_CHECKS, UNIQUE_CHECKS=0 */;
/*!40014 SET @OLD_FOREIGN_KEY_CHECKS=@@FOREIGN_KEY_CHECKS, FOREIGN_KEY_CHECKS=0 */;
/*!40101 SET @OLD_SQL_MODE=@@SQL_MODE, SQL_MODE='NO_AUTO_VALUE_ON_ZERO' */;
/*!40111 SET @OLD_SQL_NOTES=@@SQL_NOTES, SQL_NOTES=0 */;
CREATE DATABASE /*!32312 IF NOT EXISTS*/`sirp` /*!40100 DEFAULT CHARACTER SET utf8mb4 COLLATE utf8mb4_0900_ai_ci */ /*!80016 DEFAULT ENCRYPTION='N' */;

USE `sirp`;

/*Table structure for table `calificacion` */

DROP TABLE IF EXISTS `calificacion`;

CREATE TABLE `calificacion` (
  `idca` int NOT NULL AUTO_INCREMENT,
  `idempresa` int NOT NULL,
  `idempleado` int NOT NULL,
  `iddimension` int NOT NULL,
  `puntajebruto` float NOT NULL,
  `puntajetransformado` float NOT NULL,
  `nivelriesgo` text CHARACTER SET utf8mb3 COLLATE utf8mb3_spanish_ci NOT NULL,
  `tipo_examen` int NOT NULL,
  `iddepartamento` int NOT NULL,
  PRIMARY KEY (`idca`)
) ENGINE=MyISAM AUTO_INCREMENT=710 DEFAULT CHARSET=utf8mb3 COLLATE=utf8mb3_spanish_ci;

/*Data for the table `calificacion` */

insert  into `calificacion`(`idca`,`idempresa`,`idempleado`,`iddimension`,`puntajebruto`,`puntajetransformado`,`nivelriesgo`,`tipo_examen`,`iddepartamento`) values 
(664,1,4,48,11,55,'Muy alto',3,519),
(663,1,4,47,6,50,'Alto',3,519),
(662,1,4,46,13,81.25,'Muy alto',3,519),
(661,1,4,55,219,44.5122,'Muy alto',1,519),
(660,1,4,22,13,29.5455,'Muy alto',1,519),
(659,1,4,24,7,29.1667,'Alto',1,519),
(658,1,4,23,6,30,'Muy alto',1,519),
(657,1,4,13,80,40,'Medio',1,519),
(656,1,4,21,7,58.3333,'Muy alto',1,519),
(655,1,4,20,3,15,'Sin riesgo',1,519),
(654,1,4,19,9,45,'Sin riesgo',1,519),
(653,1,4,18,12,50,'Bajo',1,519),
(652,1,4,17,6,37.5,'Medio',1,519),
(651,1,4,16,14,58.3333,'Muy alto',1,519),
(650,1,4,15,0,0,'Sin riesgo',1,519),
(649,1,4,14,29,60.4167,'Muy alto',1,519),
(648,1,4,6,49,58.3333,'Muy alto',1,519),
(647,1,4,12,6,50,'Alto',1,519),
(646,1,4,10,10,62.5,'Muy alto',1,519),
(645,1,4,9,10,62.5,'Muy alto',1,519),
(644,1,4,8,3,25,'Medio',1,519),
(643,1,4,7,20,71.4286,'Muy alto',1,519),
(642,1,4,1,77,46.9512,'Muy alto',1,519),
(641,1,4,5,9,25,'Bajo',1,519),
(639,1,4,3,21,37.5,'Alto',1,519),
(640,1,4,4,5,25,'Bajo',1,519),
(638,1,4,2,42,80.7692,'Muy alto',1,519),
(637,1,5,54,18.6,30.412,'Muy alto',4,519),
(636,1,5,53,65,52.4194,'Muy alto',3,519),
(635,1,5,52,6,37.5,'Alto',3,519),
(634,1,5,51,3,25,'Medio',3,519),
(633,1,5,50,20,55.5556,'Muy alto',3,519),
(632,1,5,49,7,58.3333,'Muy alto',3,519),
(630,1,5,47,5,41.6667,'Alto',3,519),
(631,1,5,48,12,60,'Muy alto',3,519),
(629,1,5,46,12,75,'Muy alto',3,519),
(628,2,26,53,48,38.7097,'Muy alto',3,520),
(627,2,26,52,6,37.5,'Alto',3,520),
(626,2,26,51,9,75,'Muy alto',3,520),
(625,2,26,50,12,33.3333,'Muy alto',3,520),
(624,2,26,49,7,58.3333,'Muy alto',3,520),
(623,2,26,48,5,25,'Alto',3,520),
(621,2,26,46,5,31.25,'Medio',3,520),
(622,2,26,47,4,33.3333,'Muy alto',3,520),
(620,2,29,54,41.0833,67.1735,'Muy alto',4,527),
(619,2,30,53,68,54.8387,'Muy alto',3,519),
(618,2,30,52,5,31.25,'Alto',3,519),
(617,2,30,51,8,66.6667,'Muy alto',3,519),
(616,2,30,50,20,55.5556,'Muy alto',3,519),
(615,2,30,49,8,66.6667,'Muy alto',3,519),
(614,2,30,48,16,80,'Muy alto',3,519),
(612,2,30,46,5,31.25,'Medio',3,519),
(613,2,30,47,6,50,'Alto',3,519),
(611,2,28,54,16.6556,27.2328,'Muy alto',4,526),
(610,2,28,56,281,72.4227,'Muy alto',2,526),
(609,2,28,43,35,87.5,'Muy alto',2,526),
(608,2,28,45,20,83.3333,'Muy alto',2,526),
(607,2,28,44,15,93.75,'Muy alto',2,526),
(606,2,28,36,92,58.9744,'Muy alto',2,526),
(605,2,28,42,11,45.8333,'Muy alto',2,526),
(604,2,28,41,12,60,'Bajo',2,526),
(603,2,28,40,12,75,'Muy alto',2,526),
(602,2,28,39,6,50,'Alto',2,526),
(601,2,28,38,25,69.4444,'Muy alto',2,526),
(600,2,28,37,26,54.1667,'Muy alto',2,526),
(599,2,28,29,51,70.8333,'Muy alto',2,526),
(598,2,28,35,3,25,'Sin riesgo',2,526),
(597,2,28,33,4,25,'Bajo',2,526),
(596,2,28,32,4,33.3333,'Muy alto',2,526),
(595,2,28,31,12,100,'Muy alto',2,526),
(594,2,28,30,28,140,'Muy alto',2,526),
(593,2,28,25,103,85.8333,'Muy alto',2,526),
(592,2,28,28,20,100,'Muy alto',2,526),
(591,2,28,27,44,91.6667,'Muy alto',2,526),
(590,2,28,26,39,75,'Muy alto',2,526),
(589,2,27,55,231,46.9512,'Muy alto',1,526),
(588,2,27,22,12,27.2727,'Alto',1,526),
(587,2,27,24,7,29.1667,'Alto',1,526),
(586,2,27,23,5,25,'Muy alto',1,526),
(585,2,27,13,132,66,'Muy alto',1,526),
(584,2,27,21,7,58.3333,'Muy alto',1,526),
(583,2,27,20,14,70,'Muy alto',1,526),
(582,2,27,19,15,75,'Medio',1,526),
(581,2,27,18,18,75,'Alto',1,526),
(580,2,27,17,12,75,'Muy alto',1,526),
(579,2,27,16,12,50,'Alto',1,526),
(578,2,27,15,26,72.2222,'Muy alto',1,526),
(577,2,27,14,28,58.3333,'Muy alto',1,526),
(576,2,27,6,23,27.381,'Medio',1,526),
(575,2,27,12,3,25,'Bajo',1,526),
(574,2,27,10,5,31.25,'Alto',1,526),
(573,2,27,9,4,25,'Bajo',1,526),
(572,2,27,8,3,25,'Medio',1,526),
(571,2,27,7,8,28.5714,'Alto',1,526),
(570,2,27,1,64,39.0244,'Muy alto',1,526),
(569,2,27,5,26,72.2222,'Muy alto',1,526),
(568,2,27,4,6,30,'Medio',1,526),
(567,2,27,3,17,30.3571,'Alto',1,526),
(566,2,27,2,15,28.8462,'Medio',1,526),
(565,1,3,55,292,59.3496,'Muy alto',1,519),
(564,1,3,22,44,100,'Muy alto',1,519),
(563,1,3,24,24,100,'Muy alto',1,519),
(562,1,3,23,20,100,'Muy alto',1,519),
(561,1,3,13,41,20.5,'Sin riesgo',1,519),
(560,1,3,21,4,33.3333,'Muy alto',1,519),
(559,1,3,20,0,0,'Sin riesgo',1,519),
(558,1,3,19,0,0,'Sin riesgo',1,519),
(557,1,3,18,0,0,'Sin riesgo',1,519),
(556,1,3,17,0,0,'Sin riesgo',1,519),
(555,1,3,16,13,54.1667,'Alto',1,519),
(554,1,3,15,0,0,'Sin riesgo',1,519),
(553,1,3,14,24,50,'Muy alto',1,519),
(552,1,3,6,84,100,'Muy alto',1,519),
(551,1,3,12,12,100,'Muy alto',1,519),
(550,1,3,10,16,100,'Muy alto',1,519),
(549,1,3,9,16,100,'Muy alto',1,519),
(548,1,3,8,12,100,'Muy alto',1,519),
(547,1,3,7,28,100,'Muy alto',1,519),
(546,1,3,1,123,75,'Muy alto',1,519),
(545,1,3,5,0,0,'Sin riesgo',1,519),
(544,1,3,4,20,100,'Muy alto',1,519),
(543,1,3,3,52,92.8571,'Muy alto',1,519),
(542,1,3,2,51,98.0769,'Muy alto',1,519),
(541,1,5,56,263,67.7835,'Muy alto',2,519),
(540,1,5,43,34,85,'Muy alto',2,519),
(539,1,5,45,19,79.1667,'Muy alto',2,519),
(538,1,5,44,15,93.75,'Muy alto',2,519),
(537,1,5,36,46,29.4872,'Bajo',2,519),
(536,1,5,42,15,62.5,'Muy alto',2,519),
(535,1,5,41,0,0,'Sin riesgo',2,519),
(534,1,5,40,0,0,'Sin riesgo',2,519),
(533,1,5,39,4,33.3333,'Muy alto',2,519),
(532,1,5,38,5,13.8889,'Sin riesgo',2,519),
(531,1,5,37,22,45.8333,'Alto',2,519),
(530,1,5,29,77,106.944,'Muy alto',2,519),
(529,1,5,35,12,100,'Muy alto',2,519),
(528,1,5,33,15,93.75,'Muy alto',2,519),
(527,1,5,32,11,91.6667,'Muy alto',2,519),
(526,1,5,31,12,100,'Muy alto',2,519),
(525,1,5,30,27,135,'Muy alto',2,519),
(524,1,5,25,106,88.3333,'Muy alto',2,519),
(523,1,5,28,20,100,'Muy alto',2,519),
(522,1,5,27,44,91.6667,'Muy alto',2,519),
(521,1,5,26,42,80.7692,'Muy alto',2,519),
(520,1,6,54,7.37222,12.054,'Bajo',4,520),
(519,1,6,53,85,68.5484,'Muy alto',3,520),
(518,1,6,52,5,31.25,'Alto',3,520),
(517,1,6,51,1,8.33333,'Muy alto',3,520),
(516,1,6,50,28,77.7778,'Muy alto',3,520),
(515,1,6,49,4,33.3333,'Muy alto',3,520),
(514,1,6,48,19,95,'Muy alto',3,520),
(513,1,6,47,12,100,'Muy alto',3,520),
(512,1,6,46,16,100,'Muy alto',3,520),
(511,1,6,55,236,47.9675,'Muy alto',1,520),
(510,1,6,22,12,27.2727,'Alto',1,520),
(509,1,6,24,6,25,'Medio',1,520),
(508,1,6,23,6,30,'Muy alto',1,520),
(507,1,6,13,102,51,'Muy alto',1,520),
(506,1,6,21,7,58.3333,'Muy alto',1,520),
(505,1,6,20,14,70,'Muy alto',1,520),
(504,1,6,19,14,70,'Bajo',1,520),
(503,1,6,18,18,75,'Alto',1,520),
(502,1,6,17,11,68.75,'Muy alto',1,520),
(501,1,6,16,13,54.1667,'Alto',1,520),
(500,1,6,15,0,0,'Sin riesgo',1,520),
(499,1,6,14,25,52.0833,'Muy alto',1,520),
(498,1,6,6,31,36.9048,'Alto',1,520),
(497,1,6,12,3,25,'Bajo',1,520),
(496,1,6,10,5,31.25,'Alto',1,520),
(495,1,6,9,6,37.5,'Medio',1,520),
(494,1,6,8,7,58.3333,'Muy alto',1,520),
(493,1,6,7,10,35.7143,'Alto',1,520),
(492,1,6,1,91,55.4878,'Muy alto',1,520),
(491,1,6,5,1,2.77778,'Sin riesgo',1,520),
(490,1,6,4,6,30,'Medio',1,520),
(489,1,6,3,33,58.9286,'Muy alto',1,520),
(488,1,6,2,51,98.0769,'Muy alto',1,520),
(487,1,32,53,49,39.5161,'Muy alto',3,520),
(486,1,32,52,4,25,'Medio',3,520),
(485,1,32,51,9,75,'Muy alto',3,520),
(484,1,32,50,16,44.4444,'Muy alto',3,520),
(483,1,32,49,5,41.6667,'Alto',3,520),
(482,1,32,48,6,30,'Alto',3,520),
(481,1,32,47,3,25,'Bajo',3,520),
(480,1,32,46,6,37.5,'Medio',3,520),
(479,1,33,55,278,56.5041,'Muy alto',1,519),
(478,1,33,22,43,97.7273,'Muy alto',1,519),
(477,1,33,24,23,95.8333,'Muy alto',1,519),
(476,1,33,23,20,100,'Muy alto',1,519),
(475,1,33,13,51,25.5,'Sin riesgo',1,519),
(474,1,33,21,4,33.3333,'Muy alto',1,519),
(473,1,33,20,3,15,'Sin riesgo',1,519),
(472,1,33,19,0,0,'Sin riesgo',1,519),
(471,1,33,18,1,4.16667,'Sin riesgo',1,519),
(470,1,33,17,0,0,'Sin riesgo',1,519),
(469,1,33,16,13,54.1667,'Alto',1,519),
(468,1,33,15,5,13.8889,'Sin riesgo',1,519),
(467,1,33,14,25,52.0833,'Muy alto',1,519),
(466,1,33,6,60,71.4286,'Muy alto',1,519),
(465,1,33,12,12,100,'Muy alto',1,519),
(464,1,33,10,15,93.75,'Muy alto',1,519),
(463,1,33,9,13,81.25,'Muy alto',1,519),
(462,1,33,8,9,75,'Muy alto',1,519),
(461,1,33,7,11,39.2857,'Alto',1,519),
(460,1,33,1,124,75.6098,'Muy alto',1,519),
(459,1,33,5,0,0,'Sin riesgo',1,519),
(458,1,33,4,20,100,'Muy alto',1,519),
(457,1,33,3,52,92.8571,'Muy alto',1,519),
(456,1,33,2,52,100,'Muy alto',1,519),
(455,1,32,56,169,43.5567,'Muy alto',2,520),
(454,1,32,43,19,47.5,'Muy alto',2,520),
(453,1,32,45,11,45.8333,'Muy alto',2,520),
(452,1,32,44,8,50,'Muy alto',2,520),
(451,1,32,36,77,49.359,'Muy alto',2,520),
(450,1,32,42,10,41.6667,'Medio',2,520),
(449,1,32,41,12,60,'Bajo',2,520),
(448,1,32,40,11,68.75,'Muy alto',2,520),
(447,1,32,39,6,50,'Alto',2,520),
(446,1,32,38,10,27.7778,'Bajo',2,520),
(445,1,32,37,28,58.3333,'Muy alto',2,520),
(444,1,32,29,31,43.0556,'Alto',2,520),
(443,1,32,35,3,25,'Sin riesgo',2,520),
(442,1,32,33,5,31.25,'Medio',2,520),
(441,1,32,32,4,33.3333,'Muy alto',2,520),
(440,1,32,31,3,25,'Medio',2,520),
(439,1,32,30,16,80,'Muy alto',2,520),
(438,1,32,25,42,35,'Alto',2,520),
(437,1,32,28,5,25,'Medio',2,520),
(436,1,32,27,15,31.25,'Alto',2,520),
(435,1,32,26,22,42.3077,'Muy alto',2,520),
(413,1,33,53,76,61.2903,'Muy alto',3,519),
(412,1,33,52,4,25,'Medio',3,519),
(411,1,33,51,8,66.6667,'Muy alto',3,519),
(410,1,33,50,31,86.1111,'Muy alto',3,519),
(409,1,33,49,7,58.3333,'Muy alto',3,519),
(408,1,33,48,7,35,'Muy alto',3,519),
(407,1,33,47,3,25,'Bajo',3,519),
(406,1,33,46,16,100,'Muy alto',3,519),
(405,1,32,54,17.2611,28.2229,'Muy alto',4,520),
(404,1,33,54,26.9444,44.0557,'Muy alto',4,519),
(665,1,4,49,7,58.3333,'Muy alto',3,519),
(666,1,4,50,11,30.5556,'Muy alto',3,519),
(667,1,4,51,3,25,'Medio',3,519),
(668,1,4,52,5,31.25,'Alto',3,519),
(669,1,4,53,56,45.1613,'Muy alto',3,519),
(670,1,3,46,13,81.25,'Muy alto',3,519),
(671,1,3,47,6,50,'Alto',3,519),
(672,1,3,48,14,70,'Muy alto',3,519),
(673,1,3,49,4,33.3333,'Muy alto',3,519),
(674,1,3,50,20,55.5556,'Muy alto',3,519),
(675,1,3,51,6,50,'Muy alto',3,519),
(676,1,3,52,8,50,'Muy alto',3,519),
(677,1,3,53,71,57.2581,'Muy alto',3,519),
(678,1,4,54,18.4333,30.1395,'Muy alto',4,519),
(679,1,3,54,27.0889,44.2918,'Muy alto',4,519),
(680,1,41,54,31.0778,50.8139,'Muy alto',4,519),
(681,1,41,46,4,25,'Bajo',3,519),
(682,1,41,47,4,33.3333,'Muy alto',3,519),
(683,1,41,48,5,25,'Alto',3,519),
(684,1,41,49,9,75,'Muy alto',3,519),
(685,1,41,50,11,30.5556,'Muy alto',3,519),
(686,1,41,51,9,75,'Muy alto',3,519),
(687,1,41,52,7,43.75,'Alto',3,519),
(688,1,41,53,49,39.5161,'Muy alto',3,519),
(689,1,41,26,24,46.1538,'Muy alto',2,519),
(690,1,41,27,16,33.3333,'Alto',2,519),
(691,1,41,28,5,25,'Medio',2,519),
(692,1,41,25,45,37.5,'Alto',2,519),
(693,1,41,30,16,80,'Muy alto',2,519),
(694,1,41,31,3,25,'Medio',2,519),
(695,1,41,32,7,58.3333,'Muy alto',2,519),
(696,1,41,33,5,31.25,'Medio',2,519),
(697,1,41,35,4,33.3333,'Muy alto',2,519),
(698,1,41,29,35,48.6111,'Muy alto',2,519),
(699,1,41,37,28,58.3333,'Muy alto',2,519),
(700,1,41,38,9,25,'Bajo',2,519),
(701,1,41,39,4,33.3333,'Muy alto',2,519),
(702,1,41,40,11,68.75,'Muy alto',2,519),
(703,1,41,41,6,30,'Sin riesgo',2,519),
(704,1,41,42,10,41.6667,'Medio',2,519),
(705,1,41,36,68,43.5897,'Alto',2,519),
(706,1,41,44,4,25,'Muy alto',2,519),
(707,1,41,45,9,37.5,'Alto',2,519),
(708,1,41,43,13,32.5,'Muy alto',2,519),
(709,1,41,56,161,41.4948,'Muy alto',2,519);

/*Table structure for table `cliente` */

DROP TABLE IF EXISTS `cliente`;

CREATE TABLE `cliente` (
  `idcl` int NOT NULL AUTO_INCREMENT,
  `nombre` text CHARACTER SET utf8mb3 COLLATE utf8mb3_spanish_ci NOT NULL,
  `fecharegistro` text CHARACTER SET utf8mb3 COLLATE utf8mb3_unicode_ci NOT NULL,
  `estatus` int NOT NULL,
  `usuario` text CHARACTER SET utf8mb3 COLLATE utf8mb3_spanish_ci NOT NULL,
  `clave` text CHARACTER SET utf8mb3 COLLATE utf8mb3_spanish_ci NOT NULL,
  `pines` int NOT NULL,
  `pinesdisp` int DEFAULT NULL,
  `nroidcc` varchar(150) CHARACTER SET utf8mb3 COLLATE utf8mb3_spanish_ci DEFAULT NULL,
  `profesion` varchar(150) CHARACTER SET utf8mb3 COLLATE utf8mb3_spanish_ci DEFAULT NULL,
  `postgrado` varchar(150) CHARACTER SET utf8mb3 COLLATE utf8mb3_spanish_ci DEFAULT NULL,
  `nrotarjprof` varchar(150) CHARACTER SET utf8mb3 COLLATE utf8mb3_spanish_ci DEFAULT NULL,
  `nrolicprof` varchar(150) CHARACTER SET utf8mb3 COLLATE utf8mb3_spanish_ci DEFAULT NULL,
  `fechexp` date DEFAULT NULL,
  `celular` text CHARACTER SET utf8mb3 COLLATE utf8mb3_unicode_ci,
  `infcompletada` int NOT NULL DEFAULT '0',
  PRIMARY KEY (`idcl`),
  UNIQUE KEY `idc` (`idcl`)
) ENGINE=MyISAM AUTO_INCREMENT=126 DEFAULT CHARSET=utf8mb3 COLLATE=utf8mb3_unicode_ci;

/*Data for the table `cliente` */

insert  into `cliente`(`idcl`,`nombre`,`fecharegistro`,`estatus`,`usuario`,`clave`,`pines`,`pinesdisp`,`nroidcc`,`profesion`,`postgrado`,`nrotarjprof`,`nrolicprof`,`fechexp`,`celular`,`infcompletada`) values 
(1,'AMS','2020-08-22',0,'ams@gmail.com','81dc9bdb52d04dc20036dbd8313ed055',0,0,'0','0','0','0','0','2020-08-22','0',0),
(125,'Juan Jose Quintero','2025-07-01',1,'juan@gmail.com','a6506ce114efafb8f50d8e0171695b3a',25,25,NULL,NULL,NULL,NULL,NULL,NULL,NULL,0),
(118,'Fabian  Quintero','2025-06-27',1,'grovveip@gmail.com','81dc9bdb52d04dc20036dbd8313ed055',120,83,'10046553','Des software','no','543435345','345345345345','2025-01-21','3042065930',1),
(119,'Daniela Quintero','2025-07-01',1,'daniela@gmail.com','81dc9bdb52d04dc20036dbd8313ed055',15,15,NULL,NULL,NULL,NULL,NULL,NULL,NULL,0);

/*Table structure for table `compra` */

DROP TABLE IF EXISTS `compra`;

CREATE TABLE `compra` (
  `id` int NOT NULL AUTO_INCREMENT,
  `pines` int NOT NULL,
  `precio` int NOT NULL DEFAULT '100000',
  `dia` int NOT NULL,
  `mes` int NOT NULL,
  `ano` int NOT NULL,
  `id_venta` text,
  `id_cliente` int DEFAULT NULL,
  PRIMARY KEY (`id`)
) ENGINE=MyISAM AUTO_INCREMENT=185 DEFAULT CHARSET=latin1;

/*Data for the table `compra` */

insert  into `compra`(`id`,`pines`,`precio`,`dia`,`mes`,`ano`,`id_venta`,`id_cliente`) values 
(166,20,40000,27,6,2025,'1111',118),
(167,10,10000,1,7,2025,'1111',119),
(168,5,100000,1,7,2025,'1111',119),
(184,100,10000,1,7,2025,'1111',118),
(183,15,15000,1,7,2025,'1111',125),
(182,10,20000,1,7,2025,'1111',125);

/*Table structure for table `departamentos` */

DROP TABLE IF EXISTS `departamentos`;

CREATE TABLE `departamentos` (
  `iddepto` int NOT NULL AUTO_INCREMENT,
  `nombre` varchar(150) CHARACTER SET utf8mb3 COLLATE utf8mb3_spanish_ci NOT NULL,
  `status` int DEFAULT '0',
  `idcl` int NOT NULL,
  `alias` varchar(50) CHARACTER SET utf8mb3 COLLATE utf8mb3_spanish_ci NOT NULL,
  `fechacreacion` date NOT NULL DEFAULT '2000-01-01',
  PRIMARY KEY (`iddepto`)
) ENGINE=MyISAM AUTO_INCREMENT=532 DEFAULT CHARSET=utf8mb3 COLLATE=utf8mb3_unicode_ci;

/*Data for the table `departamentos` */

insert  into `departamentos`(`iddepto`,`nombre`,`status`,`idcl`,`alias`,`fechacreacion`) values 
(527,'juridica',0,118,'juridica','2000-01-01'),
(526,'recursos humanos',0,118,'recursos humanos','2000-01-01'),
(520,'Ventas',0,118,'Ventas','2025-07-02'),
(519,'Sistemas',0,118,'Sistemas','2025-06-27');

/*Table structure for table `empleado` */

DROP TABLE IF EXISTS `empleado`;

CREATE TABLE `empleado` (
  `idus` int NOT NULL AUTO_INCREMENT,
  `idcl` int DEFAULT NULL,
  `idempresa` int DEFAULT NULL,
  `empresa` text CHARACTER SET utf8mb3 COLLATE utf8mb3_spanish_ci,
  `nombre` text CHARACTER SET utf8mb3 COLLATE utf8mb3_spanish_ci,
  `sexo` int DEFAULT NULL,
  `estadocivil` int DEFAULT NULL,
  `nacimiento` date DEFAULT NULL,
  `estudios` text CHARACTER SET utf8mb3 COLLATE utf8mb3_spanish_ci,
  `ocupacion` text CHARACTER SET utf8mb3 COLLATE utf8mb3_spanish_ci,
  `departamentoresidencia` text CHARACTER SET utf8mb3 COLLATE utf8mb3_spanish_ci,
  `ciudadresidencia` text CHARACTER SET utf8mb3 COLLATE utf8mb3_spanish_ci,
  `estrato` text CHARACTER SET utf8mb3 COLLATE utf8mb3_unicode_ci,
  `vivienda` text CHARACTER SET utf8mb3 COLLATE utf8mb3_spanish_ci,
  `cargafamiliar` int DEFAULT NULL,
  `departamentotrabajo` text CHARACTER SET utf8mb3 COLLATE utf8mb3_spanish_ci,
  `ciudadtrabajo` text CHARACTER SET utf8mb3 COLLATE utf8mb3_spanish_ci,
  `aniostrabajo` int DEFAULT NULL,
  `cargotrabajo` text CHARACTER SET utf8mb3 COLLATE utf8mb3_spanish_ci,
  `tipocargo` text CHARACTER SET utf8mb3 COLLATE utf8mb3_spanish_ci,
  `anioscargo` int DEFAULT NULL,
  `areatrabajo` text CHARACTER SET utf8mb3 COLLATE utf8mb3_unicode_ci,
  `tipocontrato` text CHARACTER SET utf8mb3 COLLATE utf8mb3_spanish_ci,
  `horastrabdiarias` int DEFAULT NULL,
  `tiposalario` text CHARACTER SET utf8mb3 COLLATE utf8mb3_spanish_ci,
  `fecharegistro` date DEFAULT NULL,
  `fechaaplicacion` date DEFAULT NULL,
  `estatus` int DEFAULT '0',
  `test1` int DEFAULT '0',
  `step0t1` int DEFAULT '0',
  `step00t1` int DEFAULT '0',
  `answ1t1` int DEFAULT '0',
  `step1t1` int DEFAULT '0',
  `answ2t1` int DEFAULT '0',
  `step2t1` int DEFAULT '0',
  `test2` int DEFAULT '0',
  `step0t2` int DEFAULT '0',
  `step00t2` int DEFAULT '0',
  `answ1t2` int DEFAULT '0',
  `step1t2` int DEFAULT '0',
  `test3` int DEFAULT '0',
  `step0t3` int DEFAULT '0',
  `test4` int DEFAULT '0',
  `step0t4` int DEFAULT '0',
  `correo` text COLLATE utf8mb3_unicode_ci,
  PRIMARY KEY (`idus`)
) ENGINE=MyISAM AUTO_INCREMENT=42 DEFAULT CHARSET=utf8mb3 COLLATE=utf8mb3_unicode_ci;

/*Data for the table `empleado` */

insert  into `empleado`(`idus`,`idcl`,`idempresa`,`empresa`,`nombre`,`sexo`,`estadocivil`,`nacimiento`,`estudios`,`ocupacion`,`departamentoresidencia`,`ciudadresidencia`,`estrato`,`vivienda`,`cargafamiliar`,`departamentotrabajo`,`ciudadtrabajo`,`aniostrabajo`,`cargotrabajo`,`tipocargo`,`anioscargo`,`areatrabajo`,`tipocontrato`,`horastrabdiarias`,`tiposalario`,`fecharegistro`,`fechaaplicacion`,`estatus`,`test1`,`step0t1`,`step00t1`,`answ1t1`,`step1t1`,`answ2t1`,`step2t1`,`test2`,`step0t2`,`step00t2`,`answ1t2`,`step1t2`,`test3`,`step0t3`,`test4`,`step0t4`,`correo`) values 
(4,118,1,'CocaCola','Daniela',1,1,'1994-01-22','7','Des software','Amazonas','Valledupar','1','1',6,'Amazonas','Valledupar',6,'Desarrollador','1',6,'519','1',6,'1','2025-06-28','2025-06-28',0,2,1,1,1,1,1,1,0,0,0,0,0,2,1,2,1,'daniela43434@gmail.com'),
(3,118,1,'CocaCola','Fabian ',2,2,'2000-01-22','7','Des software','Amazonas','Valledupar','1','1',4,'Amazonas','Valledupar',4,'Desarrollador','1',4,'519','1',4,'1','2025-06-28','2025-06-28',0,2,1,1,1,1,1,1,0,0,0,0,0,2,1,2,1,NULL),
(5,118,1,'CocaCola','Cristian',2,3,'2004-01-22','10','Des software','Antioquia','Valledupar','2','3',3,'Antioquia','Valledupar',3,'Desarrollador','3',3,'519','2',6,'2','2025-06-28','2025-06-28',0,0,0,0,0,0,0,0,2,1,1,1,1,2,1,2,1,NULL),
(6,118,1,'CocaCola','Fabian 2',2,3,'2000-07-09','1','Des software','Amazonas','Valledupar','1','1',2,'Amazonas','Valledupar',2,'2','1',2,'520','1',2,'1','2025-07-03','2025-07-03',0,2,1,1,1,1,1,1,0,0,0,0,0,2,1,2,1,'juan2@gmail.com'),
(25,118,2,'Nissan','Juanes Aroca',1,2,'2000-01-22','4','Desarrollador','Cesar','Valledupar','2','2',2,'Cesar','valledupar',4,'Empleado','3',4,'519','3',8,'1','2025-07-04','2025-07-04',0,1,1,1,0,0,0,0,0,0,0,0,0,1,0,1,0,'persona1@gmail.com'),
(26,118,2,'Nissan','Juana',2,2,'1998-02-22','7','Psicologo','Cesar','Valledupar','5','3',2,'Cesar','valledupar',3,'Empleado','3',4,'520','4',4,'1','2025-07-04','2025-07-04',0,1,0,0,0,0,0,0,0,0,0,0,0,2,1,1,0,'persona2@gmail.com'),
(27,118,2,'Nissan','Gabriela',2,3,'1999-06-24','6','Microbiologo','Cesar','Valledupar','5','1',3,'Cesar','valledupar',2,'jefe','1',3,'526','3',5,'1','2025-07-04','2025-07-04',0,2,1,1,1,1,1,1,0,0,0,0,0,1,0,1,0,'persona3@gmail.com'),
(28,118,2,'Nissan','Josefina',2,5,'1975-01-30','8','Abogado','Cesar','Valledupar','6','2',4,'Cesar','valledupar',2,'Jefe','1',3,'526','3',5,'2','2025-07-04','2025-07-04',0,0,0,0,0,0,0,0,2,1,1,1,1,1,0,2,1,'persona4@gmail.com'),
(29,118,2,'Nissan','Juan Jose ',1,5,'1995-03-12','6','abogado','Cesar','Valledupar','7','2',6,'Cesar','valledupar',1,'Empleado','4',2,'527','2',5,'3','2025-07-04','2025-07-04',0,0,0,0,0,0,0,0,1,1,1,1,0,1,0,2,1,'persona5@gmail.com'),
(30,118,2,'Nissan','Braulio',1,6,'1994-06-15','7','desarrollador','Cesar','Valledupar','5','3',5,'Cesar','valledupar',4,'Empleado','4',4,'519','2',5,'2','2025-07-04','2025-07-04',0,0,0,0,0,0,0,0,1,0,0,0,0,2,1,1,0,'persona6@gmail.com'),
(32,118,1,'CocaCola','Juan Jose 2',2,3,'1998-01-22','8','Des software','Amazonas','Valledupar','1','1',2,'Amazonas','Valledupar',2,'Desarrollador','4',2,'520','1',8,'2','2025-07-04','2025-07-04',0,0,0,0,0,0,0,0,2,1,1,1,1,2,1,2,1,'juan22@gmail.com'),
(33,118,1,'CocaCola','Daniela 4',1,3,'1988-12-12','9','Militar','Cesar','Valledupar','6','1',1,'Cesar','Valledupar',2,'Teniente','1',2,'519','3',12,'3','2025-07-04','2025-07-04',0,2,1,1,1,1,1,1,0,0,0,0,0,2,1,2,1,'daniela4@gmail.com'),
(35,118,3,'DAZN','Juanes',1,2,'2000-01-22','4','Desarrollador','Cesar','Valledupar','2','2',2,'Cesar','valledupar',4,'Empleado','3',2,'519','3',3,'1','2025-07-05','2025-07-05',0,1,0,0,0,0,0,0,0,0,0,0,0,1,0,1,0,'persona1@gmail.com'),
(36,118,3,'DAZN','Juana',2,2,'1998-02-22','7','Psicologo','Cesar','Valledupar','5','3',2,'Cesar','valledupar',3,'Empleado','3',4,'520','4',4,'1','2025-07-05','2025-07-05',0,1,0,0,0,0,0,0,0,0,0,0,0,1,0,1,0,'persona2@gmail.com'),
(37,118,3,'DAZN','Gabriela',2,3,'1999-06-24','6','Microbiologo','Cesar','Valledupar','5','1',3,'Cesar','valledupar',2,'jefe','1',3,'526','3',5,'1','2025-07-05','2025-07-05',0,1,0,0,0,0,0,0,0,0,0,0,0,1,0,1,0,'persona3@gmail.com'),
(38,118,3,'DAZN','Josefina',2,5,'1975-01-30','8','Abogado','Cesar','Valledupar','6','2',4,'Cesar','valledupar',2,'Jefe','1',3,'526','3',5,'2','2025-07-05','2025-07-05',0,0,0,0,0,0,0,0,1,0,0,0,0,1,0,1,0,'persona4@gmail.com'),
(39,118,3,'DAZN','Juan Jose ',1,5,'1995-03-12','6','abogado','Cesar','Valledupar','7','2',6,'Cesar','valledupar',1,'Empleado','4',2,'527','2',5,'3','2025-07-05','2025-07-05',0,0,0,0,0,0,0,0,1,0,0,0,0,1,0,1,0,'persona5@gmail.com'),
(40,118,3,'DAZN','Braulio',1,6,'1994-06-15','7','desarrollador','Cesar','Valledupar','5','3',5,'Cesar','valledupar',4,'Empleado','4',4,'519','2',5,'2','2025-07-05','2025-07-05',0,0,0,0,0,0,0,0,1,0,0,0,0,1,0,1,0,'persona6@gmail.com'),
(41,118,1,'CocaCola','Xiamir',2,1,'1995-12-12','10','Des software','Amazonas','Valledupar','1','1',5,'Amazonas','Valledupar',5,'Desarrollador','1',5,'519','6',5,'3','2025-07-07','2025-07-07',0,0,0,0,0,0,0,0,2,1,1,1,1,2,1,2,1,'x@gmail.com');

/*Table structure for table `empresa` */

DROP TABLE IF EXISTS `empresa`;

CREATE TABLE `empresa` (
  `idem` int NOT NULL AUTO_INCREMENT,
  `idcl` int NOT NULL,
  `empresa` text CHARACTER SET utf8mb3 COLLATE utf8mb3_spanish_ci NOT NULL,
  `nrousuarios` int NOT NULL,
  `pinesusados` int DEFAULT '0',
  `fecha` date NOT NULL,
  `token` text CHARACTER SET utf8mb3 COLLATE utf8mb3_unicode_ci NOT NULL,
  `descargado` date DEFAULT NULL,
  `borrados` int DEFAULT '0',
  `sociodemografico` int NOT NULL DEFAULT '0',
  `descargados` int DEFAULT '0',
  PRIMARY KEY (`idem`)
) ENGINE=MyISAM AUTO_INCREMENT=5 DEFAULT CHARSET=utf8mb3 COLLATE=utf8mb3_unicode_ci;

/*Data for the table `empresa` */

insert  into `empresa`(`idem`,`idcl`,`empresa`,`nrousuarios`,`pinesusados`,`fecha`,`token`,`descargado`,`borrados`,`sociodemografico`,`descargados`) values 
(1,118,'CocaCola',8,8,'2025-06-27','CocaCola_118','2025-06-27',1,1,0),
(2,118,'Nissan',6,6,'2025-06-27','Nissan_118',NULL,0,0,0),
(3,118,'DAZN',6,6,'2025-07-05','DAZN_118',NULL,0,0,0),
(4,118,'Empresa 2',17,0,'2025-07-05','Empresa 2_118',NULL,0,0,0);

/*Table structure for table `estres` */

DROP TABLE IF EXISTS `estres`;

CREATE TABLE `estres` (
  `id` int NOT NULL AUTO_INCREMENT,
  `preg1` int NOT NULL,
  `preg2` int NOT NULL,
  `preg3` int NOT NULL,
  `preg4` int NOT NULL,
  `preg5` int NOT NULL,
  `preg6` int NOT NULL,
  `preg7` int NOT NULL,
  `preg8` int NOT NULL,
  `preg9` int NOT NULL,
  `preg10` int NOT NULL,
  `preg11` int NOT NULL,
  `preg12` int NOT NULL,
  `preg13` int NOT NULL,
  `preg14` int NOT NULL,
  `preg15` int NOT NULL,
  `preg16` int NOT NULL,
  `preg17` int NOT NULL,
  `preg18` int NOT NULL,
  `preg19` int NOT NULL,
  `preg20` int NOT NULL,
  `preg21` int NOT NULL,
  `preg22` int NOT NULL,
  `preg23` int NOT NULL,
  `preg24` int NOT NULL,
  `preg25` int NOT NULL,
  `preg26` int NOT NULL,
  `preg27` int NOT NULL,
  `preg28` int NOT NULL,
  `preg29` int NOT NULL,
  `preg30` int NOT NULL,
  `preg31` int NOT NULL,
  `id_empl` int NOT NULL,
  PRIMARY KEY (`id`)
) ENGINE=MyISAM AUTO_INCREMENT=21 DEFAULT CHARSET=latin1;

/*Data for the table `estres` */

insert  into `estres`(`id`,`preg1`,`preg2`,`preg3`,`preg4`,`preg5`,`preg6`,`preg7`,`preg8`,`preg9`,`preg10`,`preg11`,`preg12`,`preg13`,`preg14`,`preg15`,`preg16`,`preg17`,`preg18`,`preg19`,`preg20`,`preg21`,`preg22`,`preg23`,`preg24`,`preg25`,`preg26`,`preg27`,`preg28`,`preg29`,`preg30`,`preg31`,`id_empl`) values 
(16,9,6,6,4,4,4,2,2,6,4,4,1,6,6,6,4,4,4,4,2,2,2,3,6,4,4,4,4,2,1,2,29),
(15,9,3,0,0,0,0,0,0,0,0,2,0,0,0,6,4,4,4,4,2,2,2,6,6,4,4,2,4,2,2,2,28),
(14,9,0,0,0,0,0,0,0,3,0,0,0,0,0,0,0,2,0,0,0,0,0,0,0,0,0,2,0,0,0,0,6),
(12,9,0,0,0,0,0,0,0,6,4,4,2,6,3,6,2,4,4,4,2,2,2,3,6,4,4,4,4,2,2,2,33),
(13,9,0,0,0,0,0,0,1,0,4,4,1,3,3,3,2,0,0,0,0,0,1,0,6,4,4,4,4,2,2,2,32),
(17,9,0,0,0,0,4,2,2,6,0,0,0,0,0,6,4,4,4,4,2,2,2,0,0,0,0,0,0,0,0,0,5),
(18,0,0,0,0,4,4,2,2,6,0,0,0,3,6,6,4,4,0,0,0,0,0,6,6,4,4,4,4,0,0,2,4),
(19,9,3,0,0,0,4,2,2,6,4,4,2,0,0,0,0,4,4,4,2,2,0,0,0,4,4,4,0,0,2,3,3),
(20,9,6,6,2,2,2,0,0,6,4,4,2,0,0,0,4,4,4,2,2,1,2,0,0,0,4,4,4,2,1,1,41);

/*Table structure for table `extralaboral` */

DROP TABLE IF EXISTS `extralaboral`;

CREATE TABLE `extralaboral` (
  `id` int NOT NULL AUTO_INCREMENT,
  `preg1` int NOT NULL,
  `preg2` int NOT NULL,
  `preg3` int NOT NULL,
  `preg4` int NOT NULL,
  `preg5` int NOT NULL,
  `preg6` int NOT NULL,
  `preg7` int NOT NULL,
  `preg8` int NOT NULL,
  `preg9` int NOT NULL,
  `preg10` int NOT NULL,
  `preg11` int NOT NULL,
  `preg12` int NOT NULL,
  `preg13` int NOT NULL,
  `preg14` int NOT NULL,
  `preg15` int NOT NULL,
  `preg16` int NOT NULL,
  `preg17` int NOT NULL,
  `preg18` int NOT NULL,
  `preg19` int NOT NULL,
  `preg20` int NOT NULL,
  `preg21` int NOT NULL,
  `preg22` int NOT NULL,
  `preg23` int NOT NULL,
  `preg24` int NOT NULL,
  `preg25` int NOT NULL,
  `preg26` int NOT NULL,
  `preg27` int NOT NULL,
  `preg28` int NOT NULL,
  `preg29` int NOT NULL,
  `preg30` int NOT NULL,
  `preg31` int NOT NULL,
  `id_empl` int NOT NULL,
  PRIMARY KEY (`id`)
) ENGINE=MyISAM AUTO_INCREMENT=15 DEFAULT CHARSET=latin1;

/*Data for the table `extralaboral` */

insert  into `extralaboral`(`id`,`preg1`,`preg2`,`preg3`,`preg4`,`preg5`,`preg6`,`preg7`,`preg8`,`preg9`,`preg10`,`preg11`,`preg12`,`preg13`,`preg14`,`preg15`,`preg16`,`preg17`,`preg18`,`preg19`,`preg20`,`preg21`,`preg22`,`preg23`,`preg24`,`preg25`,`preg26`,`preg27`,`preg28`,`preg29`,`preg30`,`preg31`,`id_empl`) values 
(9,0,1,0,4,4,0,3,4,4,2,1,1,1,1,0,3,4,4,4,4,3,4,1,2,1,3,1,3,2,3,3,30),
(8,0,1,0,4,4,0,3,2,3,4,4,4,4,4,4,4,4,3,4,4,4,4,4,1,4,0,4,0,4,0,0,6),
(7,0,0,0,4,4,0,3,4,1,1,1,1,1,1,2,1,1,1,1,1,1,1,2,3,1,3,1,3,1,2,2,32),
(6,0,0,0,4,3,0,4,4,4,4,4,4,4,4,4,3,4,2,2,1,1,1,1,3,1,3,1,2,1,3,3,33),
(10,0,2,3,1,1,3,1,1,1,1,1,2,1,2,1,1,1,1,1,1,1,1,1,3,2,3,1,3,1,3,3,26),
(11,0,3,2,1,4,0,4,4,4,1,1,1,1,0,4,4,4,4,1,2,1,0,4,0,4,0,1,3,1,3,3,5),
(12,0,1,0,4,4,0,1,1,1,1,1,1,1,1,4,4,4,4,4,1,1,1,1,0,4,0,1,3,1,3,3,4),
(13,4,0,0,4,4,0,2,0,1,1,4,4,4,4,4,1,1,1,1,4,4,4,4,0,1,3,1,3,4,0,0,3),
(14,0,2,3,2,0,2,4,0,1,1,1,1,1,1,1,1,1,1,1,1,1,2,1,3,1,3,1,3,3,3,3,41);

/*Table structure for table `informe_general` */

DROP TABLE IF EXISTS `informe_general`;

CREATE TABLE `informe_general` (
  `id` int NOT NULL AUTO_INCREMENT,
  `id_empresa` int NOT NULL,
  `id_cliente` int NOT NULL,
  `id_departamento` int NOT NULL,
  `nombre_archivo` text NOT NULL,
  `fecha` date NOT NULL,
  PRIMARY KEY (`id`)
) ENGINE=MyISAM AUTO_INCREMENT=7 DEFAULT CHARSET=latin1;

/*Data for the table `informe_general` */

/*Table structure for table `informe_tabla` */

DROP TABLE IF EXISTS `informe_tabla`;

CREATE TABLE `informe_tabla` (
  `id` int NOT NULL,
  `id_empresa` int NOT NULL,
  `id_cliente` int NOT NULL,
  `id_departamento` int NOT NULL,
  `nombre_archivo` text NOT NULL,
  `fecha` date NOT NULL
) ENGINE=MyISAM DEFAULT CHARSET=latin1;

/*Data for the table `informe_tabla` */

/*Table structure for table `intra_a` */

DROP TABLE IF EXISTS `intra_a`;

CREATE TABLE `intra_a` (
  `id` int NOT NULL AUTO_INCREMENT,
  `preg1` int NOT NULL,
  `preg2` int NOT NULL,
  `preg3` int NOT NULL,
  `preg4` int NOT NULL,
  `preg5` int NOT NULL,
  `preg6` int NOT NULL,
  `preg7` int NOT NULL,
  `preg8` int NOT NULL,
  `preg9` int NOT NULL,
  `preg10` int NOT NULL,
  `preg11` int NOT NULL,
  `preg12` int NOT NULL,
  `preg13` int NOT NULL,
  `preg14` int NOT NULL,
  `preg15` int NOT NULL,
  `preg16` int NOT NULL,
  `preg17` int NOT NULL,
  `preg18` int NOT NULL,
  `preg19` int NOT NULL,
  `preg20` int NOT NULL,
  `preg21` int NOT NULL,
  `preg22` int NOT NULL,
  `preg23` int NOT NULL,
  `preg24` int NOT NULL,
  `preg25` int NOT NULL,
  `preg26` int NOT NULL,
  `preg27` int NOT NULL,
  `preg28` int NOT NULL,
  `preg29` int NOT NULL,
  `preg30` int NOT NULL,
  `preg31` int NOT NULL,
  `preg32` int NOT NULL,
  `preg33` int NOT NULL,
  `preg34` int NOT NULL,
  `preg35` int NOT NULL,
  `preg36` int NOT NULL,
  `preg37` int NOT NULL,
  `preg38` int NOT NULL,
  `preg39` int NOT NULL,
  `preg40` int NOT NULL,
  `preg41` int NOT NULL,
  `preg42` int NOT NULL,
  `preg43` int NOT NULL,
  `preg44` int NOT NULL,
  `preg45` int NOT NULL,
  `preg46` int NOT NULL,
  `preg47` int NOT NULL,
  `preg48` int NOT NULL,
  `preg49` int NOT NULL,
  `preg50` int NOT NULL,
  `preg51` int DEFAULT NULL,
  `preg52` int DEFAULT NULL,
  `preg53` int DEFAULT NULL,
  `preg54` int DEFAULT NULL,
  `preg55` int DEFAULT NULL,
  `preg56` int DEFAULT NULL,
  `preg57` int DEFAULT NULL,
  `preg58` int DEFAULT NULL,
  `preg59` int DEFAULT NULL,
  `preg60` int DEFAULT NULL,
  `preg61` int DEFAULT NULL,
  `preg62` int DEFAULT NULL,
  `preg63` int DEFAULT NULL,
  `preg64` int DEFAULT NULL,
  `preg65` int DEFAULT NULL,
  `preg66` int DEFAULT NULL,
  `preg67` int DEFAULT NULL,
  `preg68` int DEFAULT NULL,
  `preg69` int DEFAULT NULL,
  `preg70` int DEFAULT NULL,
  `preg71` int DEFAULT NULL,
  `preg72` int DEFAULT NULL,
  `preg73` int DEFAULT NULL,
  `preg74` int DEFAULT NULL,
  `preg75` int DEFAULT NULL,
  `preg76` int DEFAULT NULL,
  `preg77` int DEFAULT NULL,
  `preg78` int DEFAULT NULL,
  `preg79` int DEFAULT NULL,
  `preg80` int DEFAULT NULL,
  `preg81` int DEFAULT NULL,
  `preg82` int DEFAULT NULL,
  `preg83` int DEFAULT NULL,
  `preg84` int DEFAULT NULL,
  `preg85` int DEFAULT NULL,
  `preg86` int DEFAULT NULL,
  `preg87` int DEFAULT NULL,
  `preg88` int DEFAULT NULL,
  `preg89` int DEFAULT NULL,
  `preg90` int DEFAULT NULL,
  `preg91` int DEFAULT NULL,
  `preg92` int DEFAULT NULL,
  `preg93` int DEFAULT NULL,
  `preg94` int DEFAULT NULL,
  `preg95` int DEFAULT NULL,
  `preg96` int DEFAULT NULL,
  `preg97` int DEFAULT NULL,
  `preg98` int DEFAULT NULL,
  `preg99` int DEFAULT NULL,
  `preg100` int DEFAULT NULL,
  `preg101` int DEFAULT NULL,
  `preg102` int DEFAULT NULL,
  `preg103` int DEFAULT NULL,
  `preg104` int DEFAULT NULL,
  `preg105` int DEFAULT NULL,
  `preg106` int DEFAULT '0',
  `preg107` int DEFAULT '0',
  `preg108` int DEFAULT '0',
  `preg109` int DEFAULT '0',
  `preg110` int DEFAULT '0',
  `preg111` int DEFAULT '0',
  `preg112` int DEFAULT '0',
  `preg113` int DEFAULT '0',
  `preg114` int DEFAULT '0',
  `preg115` int DEFAULT '0',
  `preg116` int DEFAULT '0',
  `preg117` int DEFAULT '0',
  `preg118` int DEFAULT '0',
  `preg119` int DEFAULT '0',
  `preg120` int DEFAULT '0',
  `preg121` int DEFAULT '0',
  `preg122` int DEFAULT '0',
  `preg123` int DEFAULT '0',
  `id_empl` int NOT NULL,
  PRIMARY KEY (`id`)
) ENGINE=MyISAM AUTO_INCREMENT=12 DEFAULT CHARSET=latin1;

/*Data for the table `intra_a` */

insert  into `intra_a`(`id`,`preg1`,`preg2`,`preg3`,`preg4`,`preg5`,`preg6`,`preg7`,`preg8`,`preg9`,`preg10`,`preg11`,`preg12`,`preg13`,`preg14`,`preg15`,`preg16`,`preg17`,`preg18`,`preg19`,`preg20`,`preg21`,`preg22`,`preg23`,`preg24`,`preg25`,`preg26`,`preg27`,`preg28`,`preg29`,`preg30`,`preg31`,`preg32`,`preg33`,`preg34`,`preg35`,`preg36`,`preg37`,`preg38`,`preg39`,`preg40`,`preg41`,`preg42`,`preg43`,`preg44`,`preg45`,`preg46`,`preg47`,`preg48`,`preg49`,`preg50`,`preg51`,`preg52`,`preg53`,`preg54`,`preg55`,`preg56`,`preg57`,`preg58`,`preg59`,`preg60`,`preg61`,`preg62`,`preg63`,`preg64`,`preg65`,`preg66`,`preg67`,`preg68`,`preg69`,`preg70`,`preg71`,`preg72`,`preg73`,`preg74`,`preg75`,`preg76`,`preg77`,`preg78`,`preg79`,`preg80`,`preg81`,`preg82`,`preg83`,`preg84`,`preg85`,`preg86`,`preg87`,`preg88`,`preg89`,`preg90`,`preg91`,`preg92`,`preg93`,`preg94`,`preg95`,`preg96`,`preg97`,`preg98`,`preg99`,`preg100`,`preg101`,`preg102`,`preg103`,`preg104`,`preg105`,`preg106`,`preg107`,`preg108`,`preg109`,`preg110`,`preg111`,`preg112`,`preg113`,`preg114`,`preg115`,`preg116`,`preg117`,`preg118`,`preg119`,`preg120`,`preg121`,`preg122`,`preg123`,`id_empl`) values 
(7,4,2,3,1,1,1,3,2,1,3,3,1,3,2,3,3,3,3,3,2,3,3,3,3,3,3,3,2,3,3,3,3,3,1,2,3,3,3,1,1,1,2,1,1,1,1,1,1,2,1,2,3,1,4,1,1,1,1,1,0,4,3,4,4,4,4,4,4,4,4,4,3,4,4,4,4,4,4,4,0,4,4,3,1,1,1,1,1,1,1,1,1,1,2,1,1,1,1,1,1,1,1,2,1,1,0,0,0,0,0,0,0,0,0,0,0,0,0,0,0,0,1,0,6),
(6,4,0,0,4,4,4,0,0,4,1,0,4,0,4,0,0,0,0,0,0,0,0,1,0,0,0,0,0,0,0,0,1,0,4,0,0,0,0,4,3,4,4,4,4,4,4,4,4,4,4,1,3,1,2,2,1,1,1,3,2,4,3,4,4,4,4,4,4,4,4,4,4,4,4,4,4,4,4,3,1,4,4,4,4,4,4,4,4,4,4,4,4,4,4,4,4,4,3,4,4,4,4,4,4,4,4,0,0,0,0,0,1,0,0,0,0,0,0,0,0,0,0,0,33),
(8,4,0,0,4,4,4,0,0,4,0,0,4,0,4,1,0,0,0,0,0,0,0,0,0,0,0,0,0,0,0,0,0,0,4,0,0,0,0,4,4,4,4,4,4,4,4,4,4,4,4,4,0,4,4,4,4,4,4,4,4,4,4,4,4,4,4,4,3,4,4,4,4,4,4,4,4,4,4,4,0,4,4,4,4,4,4,4,4,4,4,4,4,4,4,4,4,4,4,4,4,4,4,4,4,4,0,0,0,0,0,0,0,0,0,0,0,0,0,0,0,0,0,0,3),
(9,4,3,3,1,1,1,3,3,1,3,3,2,3,1,3,3,3,3,3,3,3,3,3,3,3,3,3,3,3,2,3,3,3,1,3,3,3,3,1,2,1,1,1,1,1,1,1,1,1,2,0,3,1,1,1,2,1,1,1,1,1,1,2,1,1,1,1,1,1,1,2,1,1,1,1,1,1,1,1,2,1,1,2,1,2,1,1,1,1,1,2,1,1,1,1,1,1,1,2,1,1,1,1,1,1,4,3,2,3,3,3,3,2,3,4,2,3,3,3,3,3,3,2,27),
(10,4,3,3,1,1,2,3,3,1,3,3,1,3,1,2,3,3,3,3,3,3,0,0,0,0,0,0,0,2,2,3,3,3,1,3,3,3,3,2,1,1,1,1,1,1,1,1,1,1,1,0,3,1,1,1,1,1,4,4,4,4,4,3,4,4,4,4,4,4,4,4,4,4,4,4,4,4,3,4,0,4,4,4,4,4,4,4,4,4,4,4,4,4,4,3,4,4,4,4,4,4,4,4,4,4,0,0,0,0,0,0,0,0,0,0,0,0,0,0,0,0,0,0,25),
(11,4,3,1,3,3,1,3,3,1,3,0,4,0,4,2,3,3,3,0,0,0,0,3,3,3,3,3,0,0,0,3,3,3,1,3,3,0,0,4,4,1,1,1,1,1,4,4,4,1,1,4,0,4,4,4,4,2,1,1,1,1,1,1,1,0,4,4,4,4,4,4,4,4,4,4,4,1,1,2,3,1,1,1,1,1,1,1,2,1,1,1,1,1,1,1,2,1,1,1,1,1,1,2,1,1,0,0,0,0,0,0,0,0,0,0,0,0,0,0,0,3,3,3,4);

/*Table structure for table `intra_b` */

DROP TABLE IF EXISTS `intra_b`;

CREATE TABLE `intra_b` (
  `id` int NOT NULL AUTO_INCREMENT,
  `preg1` int NOT NULL,
  `preg2` int NOT NULL,
  `preg3` int NOT NULL,
  `preg4` int NOT NULL,
  `preg5` int NOT NULL,
  `preg6` int NOT NULL,
  `preg7` int NOT NULL,
  `preg8` int NOT NULL,
  `preg9` int NOT NULL,
  `preg10` int NOT NULL,
  `preg11` int NOT NULL,
  `preg12` int NOT NULL,
  `preg13` int NOT NULL,
  `preg14` int NOT NULL,
  `preg15` int NOT NULL,
  `preg16` int NOT NULL,
  `preg17` int NOT NULL,
  `preg18` int NOT NULL,
  `preg19` int NOT NULL,
  `preg20` int NOT NULL,
  `preg21` int NOT NULL,
  `preg22` int NOT NULL,
  `preg23` int NOT NULL,
  `preg24` int NOT NULL,
  `preg25` int NOT NULL,
  `preg26` int NOT NULL,
  `preg27` int NOT NULL,
  `preg28` int NOT NULL,
  `preg29` int NOT NULL,
  `preg30` int NOT NULL,
  `preg31` int NOT NULL,
  `preg32` int NOT NULL,
  `preg33` int NOT NULL,
  `preg34` int NOT NULL,
  `preg35` int NOT NULL,
  `preg36` int NOT NULL,
  `preg37` int NOT NULL,
  `preg38` int NOT NULL,
  `preg39` int NOT NULL,
  `preg40` int NOT NULL,
  `preg41` int NOT NULL,
  `preg42` int NOT NULL,
  `preg43` int NOT NULL,
  `preg44` int NOT NULL,
  `preg45` int NOT NULL,
  `preg46` int NOT NULL,
  `preg47` int NOT NULL,
  `preg48` int NOT NULL,
  `preg49` int NOT NULL,
  `preg50` int NOT NULL,
  `preg51` int DEFAULT NULL,
  `preg52` int DEFAULT NULL,
  `preg53` int DEFAULT NULL,
  `preg54` int DEFAULT NULL,
  `preg55` int DEFAULT NULL,
  `preg56` int DEFAULT NULL,
  `preg57` int DEFAULT NULL,
  `preg58` int DEFAULT NULL,
  `preg59` int DEFAULT NULL,
  `preg60` int DEFAULT NULL,
  `preg61` int DEFAULT NULL,
  `preg62` int DEFAULT NULL,
  `preg63` int DEFAULT NULL,
  `preg64` int DEFAULT NULL,
  `preg65` int DEFAULT NULL,
  `preg66` int DEFAULT NULL,
  `preg67` int DEFAULT NULL,
  `preg68` int DEFAULT NULL,
  `preg69` int DEFAULT NULL,
  `preg70` int DEFAULT NULL,
  `preg71` int DEFAULT NULL,
  `preg72` int DEFAULT NULL,
  `preg73` int DEFAULT NULL,
  `preg74` int DEFAULT NULL,
  `preg75` int DEFAULT NULL,
  `preg76` int DEFAULT NULL,
  `preg77` int DEFAULT NULL,
  `preg78` int DEFAULT NULL,
  `preg79` int DEFAULT NULL,
  `preg80` int DEFAULT NULL,
  `preg81` int DEFAULT NULL,
  `preg82` int DEFAULT NULL,
  `preg83` int DEFAULT NULL,
  `preg84` int DEFAULT NULL,
  `preg85` int DEFAULT NULL,
  `preg86` int DEFAULT NULL,
  `preg87` int DEFAULT NULL,
  `preg88` int DEFAULT '0',
  `preg89` int DEFAULT '0',
  `preg90` int DEFAULT '0',
  `preg91` int DEFAULT '0',
  `preg92` int DEFAULT '0',
  `preg93` int DEFAULT '0',
  `preg94` int DEFAULT '0',
  `preg95` int DEFAULT '0',
  `preg96` int DEFAULT '0',
  `preg97` int DEFAULT '0',
  `id_empl` int DEFAULT '0',
  PRIMARY KEY (`id`)
) ENGINE=MyISAM AUTO_INCREMENT=12 DEFAULT CHARSET=latin1;

/*Data for the table `intra_b` */

insert  into `intra_b`(`id`,`preg1`,`preg2`,`preg3`,`preg4`,`preg5`,`preg6`,`preg7`,`preg8`,`preg9`,`preg10`,`preg11`,`preg12`,`preg13`,`preg14`,`preg15`,`preg16`,`preg17`,`preg18`,`preg19`,`preg20`,`preg21`,`preg22`,`preg23`,`preg24`,`preg25`,`preg26`,`preg27`,`preg28`,`preg29`,`preg30`,`preg31`,`preg32`,`preg33`,`preg34`,`preg35`,`preg36`,`preg37`,`preg38`,`preg39`,`preg40`,`preg41`,`preg42`,`preg43`,`preg44`,`preg45`,`preg46`,`preg47`,`preg48`,`preg49`,`preg50`,`preg51`,`preg52`,`preg53`,`preg54`,`preg55`,`preg56`,`preg57`,`preg58`,`preg59`,`preg60`,`preg61`,`preg62`,`preg63`,`preg64`,`preg65`,`preg66`,`preg67`,`preg68`,`preg69`,`preg70`,`preg71`,`preg72`,`preg73`,`preg74`,`preg75`,`preg76`,`preg77`,`preg78`,`preg79`,`preg80`,`preg81`,`preg82`,`preg83`,`preg84`,`preg85`,`preg86`,`preg87`,`preg88`,`preg89`,`preg90`,`preg91`,`preg92`,`preg93`,`preg94`,`preg95`,`preg96`,`preg97`,`id_empl`) values 
(10,3,2,3,1,1,2,3,3,1,3,3,1,3,1,3,3,3,3,3,3,2,1,3,1,3,3,3,3,3,1,1,1,1,1,4,4,4,4,4,4,4,4,3,4,4,4,4,4,4,1,0,1,4,4,4,4,4,4,4,4,4,4,4,4,4,0,4,4,4,4,4,4,4,3,4,4,4,4,4,0,4,4,4,4,4,4,4,4,0,0,0,0,0,0,0,0,0,29),
(9,4,3,2,1,1,2,2,3,1,3,3,1,3,1,2,3,3,3,3,3,3,2,3,1,3,3,3,3,3,2,1,1,1,1,1,1,1,2,1,1,1,1,1,1,1,1,2,1,1,1,1,0,4,4,4,4,4,4,4,4,4,4,4,4,4,0,4,4,4,4,4,4,4,4,4,4,4,4,4,0,4,4,4,4,4,4,4,3,4,3,3,3,3,3,3,2,1,28),
(8,4,0,0,3,4,4,0,0,4,0,0,3,0,4,0,0,0,0,0,0,0,3,0,4,0,0,0,0,1,4,4,4,4,3,4,4,4,4,4,4,3,4,4,4,4,4,4,4,4,3,0,0,4,4,3,4,4,4,4,4,4,4,4,4,4,0,4,4,4,4,4,4,4,4,4,4,4,4,3,0,4,4,4,4,4,3,4,4,0,0,0,0,0,0,0,1,4,5),
(7,4,0,0,4,4,4,0,3,2,3,3,1,3,1,2,3,3,3,2,3,3,1,3,1,3,2,3,3,3,1,2,1,1,1,1,1,1,1,1,1,2,1,1,1,1,1,1,1,1,1,1,1,4,4,4,1,1,1,1,1,1,1,1,2,1,3,1,1,1,1,1,1,1,1,1,1,1,1,1,2,2,2,2,2,2,2,2,2,4,0,0,2,0,0,0,0,4,32),
(11,4,1,0,4,4,4,0,1,4,0,3,3,0,4,0,0,0,3,3,3,3,1,3,1,3,3,3,2,3,1,1,1,1,1,1,1,1,1,1,2,1,1,1,1,1,2,1,1,1,1,4,0,4,4,4,1,1,1,1,1,1,1,1,1,2,3,1,1,1,1,1,1,2,1,1,1,1,1,1,3,2,1,1,1,1,1,1,1,4,0,1,0,0,0,0,0,4,41);

/*Table structure for table `normas` */

DROP TABLE IF EXISTS `normas`;

CREATE TABLE `normas` (
  `iddi` int NOT NULL AUTO_INCREMENT,
  `cuestionario` int NOT NULL,
  `dimension` varchar(150) CHARACTER SET utf8mb3 COLLATE utf8mb3_spanish_ci NOT NULL,
  `factortransform` float NOT NULL,
  `sinriesgomin` float NOT NULL,
  `sinriesgomax` float NOT NULL,
  `riesgobajomin` float NOT NULL,
  `riesgobajomax` float NOT NULL,
  `riesgomedmin` float NOT NULL,
  `riesgomedmax` float NOT NULL,
  `riesgoaltomin` float NOT NULL,
  `riesgoaltomax` float NOT NULL,
  `riesgmuyaltmin` float NOT NULL,
  `riesgmuyaltmax` float NOT NULL,
  `total` int DEFAULT '0',
  PRIMARY KEY (`iddi`)
) ENGINE=MyISAM AUTO_INCREMENT=66 DEFAULT CHARSET=utf8mb3 COLLATE=utf8mb3_spanish_ci;

/*Data for the table `normas` */

insert  into `normas`(`iddi`,`cuestionario`,`dimension`,`factortransform`,`sinriesgomin`,`sinriesgomax`,`riesgobajomin`,`riesgobajomax`,`riesgomedmin`,`riesgomedmax`,`riesgoaltomin`,`riesgoaltomax`,`riesgmuyaltmin`,`riesgmuyaltmax`,`total`) values 
(1,1,'Liderazgo y relaciones sociales en el trabajo',164,0,9.1,9.2,17.7,17.8,25.6,25.7,34.8,34.9,100,1),
(2,1,'Características de liderazgo',52,0,3.8,3.9,15.4,15.5,30.8,30.9,46.2,46.3,100,0),
(3,1,'Relaciones sociales en el trabajo',56,0,5.4,5.5,16,16.1,25,25.1,37.5,37.6,100,0),
(4,1,'Retroalimentación del desempeño',20,0,10,10.1,25,25.1,40,40.1,55,55.1,100,0),
(5,1,'Relación con los colaboradores (subordinados)',36,0,13.9,14,25,25.1,33.3,33.4,47.2,47.3,100,0),
(6,1,'Control sobre el trabajo',84,0,10.7,10.8,19,19.1,29.8,29.9,40.5,40.6,100,1),
(7,1,'Claridad de rol',28,0,0.9,1,10.7,10.8,21.4,21.5,39.3,39.4,100,0),
(8,1,'Capacitación',12,0,0.9,1,16.7,16.8,33.3,33.4,50,50.1,100,0),
(9,1,'Participación y manejo del cambio',16,0,12.5,12.6,25,25.1,37.5,37.6,50,50.1,100,0),
(10,1,'Oportunidades para el uso y desarrollo de habilidades y conocimientos',16,0,0.9,1,6.3,6.4,18.8,18.9,31.3,31.4,100,0),
(12,1,'Control y autonomía sobre el trabajo',12,0,8.3,8.4,25,25.1,41.7,41.8,58.3,58.4,100,0),
(13,1,'Demandas del trabajo',200,0,28.5,28.6,35,35.1,41.5,41.6,47.5,47.6,100,1),
(14,1,'Demandas ambientales y de esfuerzo físico',48,0,14.6,14.7,22.9,23,31.3,31.4,39.6,39.7,100,0),
(15,1,'Demandas emocionales',36,0,16.7,16.8,25,25.1,33.3,33.4,47.2,47.3,100,0),
(16,1,'Demandas cuantitativas',24,0,25,25.1,33.3,33.4,45.8,45.9,54.2,54.3,100,0),
(17,1,'Influencia del trabajo sobre el entorno extralaboral',16,0,18.8,18.9,31.3,31.4,43.8,43.9,50,50.1,100,0),
(18,1,'Exigencias de responsabilidad del cargo',24,0,37.5,37.6,54.2,54.3,66.7,66.8,79.2,79.3,100,0),
(19,1,'Demandas de carga mental',20,0,60,60.1,70,70.1,80,80.1,90,90.1,100,0),
(20,1,'Consistencia del rol',20,0,15,15.1,25,25.1,35,35.1,45,45.1,100,0),
(21,1,'Demandas de la jornada del trabajo',12,0,8.3,8.4,25,25.1,33.3,33.4,50,50.1,100,0),
(22,1,'Recompensas',44,0,4.5,4.6,11.4,11.5,20.5,20.6,29.5,29.6,100,1),
(23,1,'Recompensas derivadas de la pertenencia a la organización y del trabajo que se realiza',20,0,0.9,1,5,5.1,10,10.1,20,20.1,100,0),
(24,1,'Reconocimiento y compensación',24,0,4.2,4.3,16.7,16.8,25,25.1,37.5,37.6,100,0),
(25,2,'Liderazgo y relaciones sociales en el trabajo',120,0,8.3,8.4,17.5,17.6,26.7,26.8,38.3,38.4,100,1),
(26,2,'Características de liderazgo',52,0,3.8,3.9,13.5,13.6,25,25.1,38.5,38.6,100,0),
(27,2,'Relaciones sociales en el trabajo',48,0,6.3,6.4,14.6,14.7,27.1,27.2,37.5,37.6,100,0),
(28,2,'Retroalimentación del desempeño',20,0,5,5.1,20,20.1,30,30.1,50,50.1,100,0),
(29,2,'Control sobre el trabajo',72,0,19.4,19.5,26.4,26.5,34.7,34.8,43.1,43.2,100,1),
(30,2,'Claridad de rol',20,0,0.9,1,5,5.1,15,15.1,30,30.1,100,0),
(31,2,'Capacitación',12,0,0.9,1,16.7,16.8,25,25.1,50,50.1,100,0),
(32,2,'Participación y manejo del cambio',12,0,16.7,16.8,33.3,33.4,41.7,41.8,58.3,58.4,100,0),
(33,2,'Oportunidades para el uso y desarrollo de habilidades y conocimientos',16,0,12.5,12.6,25,25.1,37.5,37.6,56.3,56.4,100,0),
(35,2,'Control y autonomía sobre el trabajo',12,0,33.3,33.4,50,50.1,66.7,66.8,75,75.1,100,0),
(36,2,'Demandas del trabajo',156,0,26.9,27,33.3,33.4,37.8,37.9,44.2,43.3,100,1),
(37,2,'Demandas ambientales y de esfuerzo físico',48,0,22.9,23,31.3,31.4,39.6,39.7,47.9,48,100,0),
(38,2,'Demandas emocionales',36,0,19.4,19.5,27.8,27.9,38.9,39,47.2,47.3,100,0),
(39,2,'Demandas cuantitativas',12,0,16.7,16.8,33.3,33.4,41.7,41.8,50,50.1,100,0),
(40,2,'Influencia del trabajo sobre el entorno extralaboral',16,0,12.5,12.6,25,25.1,31.3,31.4,50,50.1,100,0),
(41,2,'Demandas de carga mental',20,0,50,50.1,65,65.1,75,75.1,85,85.1,100,0),
(42,2,'Demandas de la jornada del trabajo',24,0,25,25.1,37.5,37.6,45.8,45.9,58.3,58.4,100,0),
(43,2,'Recompensas',40,0,2.5,2.6,10,10.1,17.5,17.6,27.5,27.6,100,1),
(44,2,'Recompensas derivadas de la pertenencia a la organización y del trabajo que se realiza',16,0,0.9,1,6.3,6.4,12.5,12.6,18.8,18.9,100,0),
(45,2,'Reconocimiento y compensación',24,0,0.9,1,12.5,12.6,25,25.1,37.5,37.6,100,0),
(46,3,'Tiempos fuera del trabajo',16,0,6.3,6.4,25,25.1,37.5,37.6,50,50.1,100,0),
(47,3,'Relaciones familiares',12,0,8.3,8.4,25,25.1,33.3,33.4,50,50.1,100,0),
(48,3,'Comunicación y relaciones interpersonales',20,0,0.9,1,10,10.1,20,20.1,30,30.1,100,0),
(49,3,'Situación económica del grupo familiar',12,0,8.3,8.4,25,25.1,33.3,33.4,50,50.1,100,0),
(50,3,'Características de la vivienda y de su entorno',36,0,5.6,5.7,11.1,11.2,13.9,14,22.2,22.3,100,0),
(51,3,'Influencia del entorno extralaboral sobre el trabajo',12,0,8.3,8.4,16.7,16.8,25,25.1,41.7,41.8,100,0),
(52,3,'Desplazamiento vivienda - trabajo - vivienda',16,0,0.9,1,12.5,12.6,25,25.1,43.8,43.9,100,0),
(53,3,'TOTAL GENERAL FACTORES DE RIESGO PSICOSOCIAL EXTRALABORAL',124,0,11.3,11.4,16.9,17,22.6,22.7,29,29.1,100,2),
(54,4,'TOTAL GENERAL SINTOMAS DE ESTRÉS',61.16,0,7.8,7.9,12.6,12.7,17.7,17.8,25,25.1,100,2),
(55,1,'TOTAL GENERAL FACTORES DE RIESGO PSICOSOCIAL INTRALABORAL A',492,0,19.7,19.8,25.8,25.9,31.5,31.6,38,38.1,100,2),
(56,2,'TOTAL GENERAL FACTORES DE RIESGO PSICOSOCIAL INTRALABORAL B',388,0,20.6,20.7,26,26.1,31.2,31.3,38.7,38.8,100,2);

/*!40101 SET SQL_MODE=@OLD_SQL_MODE */;
/*!40014 SET FOREIGN_KEY_CHECKS=@OLD_FOREIGN_KEY_CHECKS */;
/*!40014 SET UNIQUE_CHECKS=@OLD_UNIQUE_CHECKS */;
/*!40111 SET SQL_NOTES=@OLD_SQL_NOTES */;
