DROP TABLE IF EXISTS `calificacion`;

CREATE TABLE `calificacion` (
  `idca` int NOT NULL AUTO_INCREMENT,
  `idempresa` int NOT NULL,
  `idempleado` int NOT NULL,
  `iddimension` int NOT NULL,
  `puntajebruto` float NOT NULL,
  `puntajetransformado` float NOT NULL,
  `nivelriesgo` text CHARACTER SET utf8mb3 COLLATE utf8mb3_spanish_ci NOT NULL,
  `tipo_examen` int NOT NULL,
  `iddepartamento` int NOT NULL,
  PRIMARY KEY (`idca`)
) ENGINE=MyISAM AUTO_INCREMENT=1444 DEFAULT CHARSET=utf8mb3 COLLATE=utf8mb3_spanish_ci;

/*Data for the table `calificacion` */

insert  into `calificacion`(`idca`,`idempresa`,`idempleado`,`iddimension`,`puntajebruto`,`puntajetransformado`,`nivelriesgo`,`tipo_examen`,`iddepartamento`) values 
(1400,1,43,44,1,6.3,'Bajo',2,527),
(1399,1,43,36,58,37.2,'Medio',2,527),
(1398,1,43,42,7,29.2,'Bajo',2,527),
(1397,1,43,41,3,15,'Sin riesgo',2,527),
(1396,1,43,40,9,56.3,'Muy alto',2,527),
(1394,1,43,38,0,0,'Sin riesgo',2,527),
(1395,1,43,39,9,75,'Muy alto',2,527),
(1393,1,43,37,30,62.5,'Muy alto',2,527),
(1392,1,43,29,36,50,'Muy alto',2,527),
(1391,1,43,35,7,58.3,'Medio',2,527),
(1389,1,43,32,6,50,'Alto',2,527),
(1390,1,43,33,7,43.8,'Alto',2,527),
(1388,1,43,31,6,50,'Alto',2,527),
(1386,1,43,25,41,34.2,'Alto',2,527),
(1387,1,43,30,10,50,'Muy alto',2,527),
(1384,1,43,27,12,25,'Medio',2,527),
(1385,1,43,28,6,30,'Medio',2,527),
(1383,1,43,26,23,44.2,'Muy alto',2,527),
(1382,1,43,53,45,36.3,'Muy alto',3,527),
(1381,1,43,52,8,50,'Muy alto',3,527),
(1380,1,43,51,7,58.3,'Muy alto',3,527),
(1379,1,43,50,10,27.8,'Muy alto',3,527),
(1378,1,43,49,5,41.7,'Alto',3,527),
(1376,1,43,47,4,33.3,'Medio',3,527),
(1377,1,43,48,10,50,'Muy alto',3,527),
(1443,1,3,54,38.7,63.3,'Muy alto',4,519),
(1375,1,43,46,1,6.3,'Sin riesgo',3,527),
(1352,1,3,4,5,25,'Bajo',1,519),
(1353,1,3,5,9,25,'Bajo',1,519),
(1354,1,3,1,59,36,'Muy alto',1,519),
(1355,1,3,7,12,42.9,'Muy alto',1,519),
(1356,1,3,8,8,66.7,'Muy alto',1,519),
(1357,1,3,9,14,87.5,'Muy alto',1,519),
(1358,1,3,10,13,81.3,'Muy alto',1,519),
(1359,1,3,12,9,75,'Muy alto',1,519),
(1360,1,3,6,56,66.7,'Muy alto',1,519),
(1361,1,3,14,26,54.2,'Muy alto',1,519),
(1362,1,3,15,24,66.7,'Muy alto',1,519),
(1363,1,3,16,10,41.7,'Medio',1,519),
(1364,1,3,17,7,43.8,'Medio',1,519),
(1365,1,3,18,9,37.5,'Sin riesgo',1,519),
(1366,1,3,19,10,50,'Sin riesgo',1,519),
(1367,1,3,20,13,65,'Muy alto',1,519),
(1368,1,3,21,4,33.3,'Medio',1,519),
(1369,1,3,13,103,51.5,'Muy alto',1,519),
(1370,1,3,23,6,30,'Muy alto',1,519),
(1371,1,3,24,8,33.3,'Alto',1,519),
(1372,1,3,22,14,31.8,'Muy alto',1,519),
(1373,1,3,55,232,47.2,'Muy alto',1,519),
(1119,1,42,2,22,42.3,'Alto',1,519),
(1120,1,42,3,21,37.5,'Alto',1,519),
(1121,1,42,4,12,60,'Muy alto',1,519),
(1122,1,42,5,0,0,'Sin riesgo',1,519),
(1123,1,42,1,55,33.5,'Alto',1,519),
(1124,1,42,7,9,32.1,'Alto',1,519),
(1125,1,42,8,2,16.7,'Bajo',1,519),
(1126,1,42,9,4,25,'Bajo',1,519),
(1127,1,42,10,13,81.3,'Muy alto',1,519),
(1128,1,42,12,1,8.3,'Sin riesgo',1,519),
(1129,1,42,6,29,34.5,'Alto',1,519),
(1130,1,42,14,24,50,'Muy alto',1,519),
(1131,1,42,15,16,44.4,'Alto',1,519),
(1132,1,42,16,11,45.8,'Medio',1,519),
(1133,1,42,17,15,93.8,'Muy alto',1,519),
(1134,1,42,18,10,41.7,'Bajo',1,519),
(1135,1,42,19,7,35,'Sin riesgo',1,519),
(1136,1,42,20,12,60,'Muy alto',1,519),
(1137,1,42,21,9,75,'Muy alto',1,519),
(1138,1,42,13,104,52,'Muy alto',1,519),
(1139,1,42,23,10,50,'Muy alto',1,519),
(1140,1,42,24,17,70.8,'Muy alto',1,519),
(1141,1,42,22,27,61.4,'Muy alto',1,519),
(1142,1,42,55,215,43.7,'Muy alto',1,519),
(1143,1,42,46,8,50,'Alto',3,519),
(1144,1,42,47,1,8.3,'Sin riesgo',3,519),
(1145,1,42,48,7,35,'Muy alto',3,519),
(1146,1,42,49,6,50,'Alto',3,519),
(1147,1,42,50,13,36.1,'Muy alto',3,519),
(1148,1,42,51,8,66.7,'Muy alto',3,519),
(1149,1,42,52,10,62.5,'Muy alto',3,519),
(1150,1,42,53,53,42.7,'Muy alto',3,519),
(1442,1,4,54,30.5,49.9,'Muy alto',4,519),
(1152,1,41,26,16,30.8,'Alto',2,519),
(1153,1,41,27,15,31.3,'Alto',2,519),
(1154,1,41,28,10,50,'Alto',2,519),
(1155,1,41,25,41,34.2,'Alto',2,519),
(1156,1,41,30,7,35,'Muy alto',2,519),
(1157,1,41,31,2,16.7,'Bajo',2,519),
(1158,1,41,32,8,66.7,'Muy alto',2,519),
(1159,1,41,33,5,31.3,'Medio',2,519),
(1160,1,41,35,5,41.7,'Bajo',2,519),
(1161,1,41,29,27,37.5,'Alto',2,519),
(1162,1,41,37,24,50,'Muy alto',2,519),
(1163,1,41,38,18,50,'Muy alto',2,519),
(1164,1,41,39,6,50,'Alto',2,519),
(1165,1,41,40,16,100,'Muy alto',2,519),
(1166,1,41,41,10,50,'Sin riesgo',2,519),
(1167,1,41,42,7,29.2,'Bajo',2,519),
(1168,1,41,36,81,51.9,'Muy alto',2,519),
(1169,1,41,44,2,12.5,'Medio',2,519),
(1170,1,41,45,13,54.2,'Muy alto',2,519),
(1171,1,41,43,15,37.5,'Muy alto',2,519),
(1172,1,41,56,164,42.3,'Muy alto',2,519),
(1173,1,41,46,8,50,'Alto',3,519),
(1174,1,41,47,5,41.7,'Alto',3,519),
(1175,1,41,48,6,30,'Alto',3,519),
(1176,1,41,49,8,66.7,'Muy alto',3,519),
(1177,1,41,50,18,50,'Muy alto',3,519),
(1178,1,41,51,7,58.3,'Muy alto',3,519),
(1179,1,41,52,6,37.5,'Alto',3,519),
(1180,1,41,53,58,46.8,'Muy alto',3,519),
(1441,1,5,54,37.9,62,'Muy alto',4,519),
(1182,1,33,2,17,32.7,'Alto',1,519),
(1183,1,33,3,24,42.9,'Muy alto',1,519),
(1184,1,33,4,13,65,'Muy alto',1,519),
(1185,1,33,5,20,55.6,'Muy alto',1,519),
(1186,1,33,1,74,45.1,'Muy alto',1,519),
(1187,1,33,7,11,39.3,'Alto',1,519),
(1188,1,33,8,5,41.7,'Alto',1,519),
(1189,1,33,9,5,31.3,'Medio',1,519),
(1190,1,33,10,6,37.5,'Muy alto',1,519),
(1191,1,33,12,7,58.3,'Alto',1,519),
(1192,1,33,6,34,40.5,'Alto',1,519),
(1193,1,33,14,31,64.6,'Muy alto',1,519),
(1194,1,33,15,26,72.2,'Muy alto',1,519),
(1195,1,33,16,10,41.7,'Medio',1,519),
(1196,1,33,17,10,62.5,'Muy alto',1,519),
(1197,1,33,18,13,54.2,'Bajo',1,519),
(1198,1,33,19,16,80,'Medio',1,519),
(1199,1,33,20,16,80,'Muy alto',1,519),
(1200,1,33,21,6,50,'Alto',1,519),
(1201,1,33,13,128,64,'Muy alto',1,519),
(1202,1,33,23,9,45,'Muy alto',1,519),
(1203,1,33,24,6,25,'Medio',1,519),
(1204,1,33,22,15,34.1,'Muy alto',1,519),
(1205,1,33,55,251,51,'Muy alto',1,519),
(1206,1,33,46,4,25,'Bajo',3,519),
(1207,1,33,47,4,33.3,'Medio',3,519),
(1208,1,33,48,15,75,'Muy alto',3,519),
(1209,1,33,49,6,50,'Alto',3,519),
(1210,1,33,50,20,55.6,'Muy alto',3,519),
(1211,1,33,51,8,66.7,'Muy alto',3,519),
(1212,1,33,52,9,56.3,'Muy alto',3,519),
(1213,1,33,53,66,53.2,'Muy alto',3,519),
(1440,1,6,54,33,54,'Muy alto',4,520),
(1215,1,32,26,12,23.1,'Medio',2,520),
(1216,1,32,27,22,45.8,'Muy alto',2,520),
(1217,1,32,28,7,35,'Alto',2,520),
(1218,1,32,25,41,34.2,'Alto',2,520),
(1219,1,32,30,9,45,'Muy alto',2,520),
(1220,1,32,31,1,8.3,'Bajo',2,520),
(1221,1,32,32,4,33.3,'Bajo',2,520),
(1222,1,32,33,5,31.3,'Medio',2,520),
(1223,1,32,35,4,33.3,'Sin riesgo',2,520),
(1224,1,32,29,23,31.9,'Medio',2,520),
(1225,1,32,37,26,54.2,'Muy alto',2,520),
(1226,1,32,38,15,41.7,'Alto',2,520),
(1227,1,32,39,6,50,'Alto',2,520),
(1228,1,32,40,12,75,'Muy alto',2,520),
(1229,1,32,41,12,60,'Bajo',2,520),
(1230,1,32,42,12,50,'Alto',2,520),
(1231,1,32,36,83,53.2,'Muy alto',2,520),
(1232,1,32,44,10,62.5,'Muy alto',2,520),
(1233,1,32,45,18,75,'Muy alto',2,520),
(1234,1,32,43,28,70,'Muy alto',2,520),
(1235,1,32,56,175,45.1,'Muy alto',2,520),
(1236,1,32,46,0,0,'Sin riesgo',3,520),
(1237,1,32,47,4,33.3,'Medio',3,520),
(1238,1,32,48,11,55,'Muy alto',3,520),
(1239,1,32,49,5,41.7,'Alto',3,520),
(1240,1,32,50,14,38.9,'Muy alto',3,520),
(1241,1,32,51,10,83.3,'Muy alto',3,520),
(1242,1,32,52,7,43.8,'Alto',3,520),
(1243,1,32,53,51,41.1,'Muy alto',3,520),
(1439,1,32,54,43.1,70.5,'Muy alto',4,520),
(1438,1,33,54,31,50.7,'Muy alto',4,519),
(1437,1,41,54,22.3,36.5,'Muy alto',4,519),
(1436,1,42,54,36.5,59.7,'Muy alto',4,519),
(1435,1,43,54,37.7,61.6,'Muy alto',4,527),
(1249,1,6,46,9,56.3,'Muy alto',3,520),
(1250,1,6,47,5,41.7,'Alto',3,520),
(1251,1,6,48,11,55,'Muy alto',3,520),
(1252,1,6,49,7,58.3,'Muy alto',3,520),
(1253,1,6,50,18,50,'Muy alto',3,520),
(1254,1,6,51,8,66.7,'Muy alto',3,520),
(1255,1,6,52,11,68.8,'Muy alto',3,520),
(1256,1,6,53,69,55.6,'Muy alto',3,520),
(1257,1,5,46,7,43.8,'Alto',3,519),
(1258,1,5,47,4,33.3,'Medio',3,519),
(1259,1,5,48,10,50,'Muy alto',3,519),
(1260,1,5,49,7,58.3,'Muy alto',3,519),
(1261,1,5,50,15,41.7,'Muy alto',3,519),
(1262,1,5,51,8,66.7,'Muy alto',3,519),
(1263,1,5,52,10,62.5,'Muy alto',3,519),
(1264,1,5,53,61,49.2,'Muy alto',3,519),
(1265,1,4,46,7,43.8,'Alto',3,519),
(1266,1,4,47,2,16.7,'Bajo',3,519),
(1267,1,4,48,9,45,'Muy alto',3,519),
(1268,1,4,49,7,58.3,'Muy alto',3,519),
(1269,1,4,50,13,36.1,'Muy alto',3,519),
(1270,1,4,51,5,41.7,'Alto',3,519),
(1271,1,4,52,7,43.8,'Alto',3,519),
(1272,1,4,53,50,40.3,'Muy alto',3,519),
(1273,1,3,46,8,50,'Alto',3,519),
(1274,1,3,47,11,91.7,'Muy alto',3,519),
(1275,1,3,48,12,60,'Muy alto',3,519),
(1276,1,3,49,5,41.7,'Alto',3,519),
(1277,1,3,50,20,55.6,'Muy alto',3,519),
(1278,1,3,51,7,58.3,'Muy alto',3,519),
(1279,1,3,52,7,43.8,'Alto',3,519),
(1280,1,3,53,70,56.5,'Muy alto',3,519),
(1281,1,6,2,14,26.9,'Medio',1,520),
(1282,1,6,3,24,42.9,'Muy alto',1,520),
(1283,1,6,4,5,25,'Bajo',1,520),
(1284,1,6,5,0,0,'Sin riesgo',1,520),
(1285,1,6,1,43,26.2,'Alto',1,520),
(1286,1,6,7,13,46.4,'Muy alto',1,520),
(1287,1,6,8,3,25,'Medio',1,520),
(1288,1,6,9,8,50,'Alto',1,520),
(1289,1,6,10,6,37.5,'Muy alto',1,520),
(1290,1,6,12,6,50,'Alto',1,520),
(1291,1,6,6,36,42.9,'Muy alto',1,520),
(1292,1,6,14,31,64.6,'Muy alto',1,520),
(1293,1,6,15,0,0,'Sin riesgo',1,520),
(1294,1,6,16,17,70.8,'Muy alto',1,520),
(1295,1,6,17,7,43.8,'Medio',1,520),
(1296,1,6,18,16,66.7,'Medio',1,520),
(1297,1,6,19,12,60,'Sin riesgo',1,520),
(1298,1,6,20,11,55,'Muy alto',1,520),
(1299,1,6,21,5,41.7,'Alto',1,520),
(1300,1,6,13,99,49.5,'Muy alto',1,520),
(1301,1,6,23,8,40,'Muy alto',1,520),
(1302,1,6,24,8,33.3,'Alto',1,520),
(1303,1,6,22,16,36.4,'Muy alto',1,520),
(1304,1,6,55,194,39.4,'Muy alto',1,520),
(1305,1,5,26,22,42.3,'Muy alto',2,519),
(1306,1,5,27,21,43.8,'Muy alto',2,519),
(1307,1,5,28,6,30,'Medio',2,519),
(1308,1,5,25,49,40.8,'Muy alto',2,519),
(1309,1,5,30,14,70,'Muy alto',2,519),
(1310,1,5,31,5,41.7,'Alto',2,519),
(1311,1,5,32,4,33.3,'Bajo',2,519),
(1312,1,5,33,7,43.8,'Alto',2,519),
(1313,1,5,35,5,41.7,'Bajo',2,519),
(1314,1,5,29,35,48.6,'Muy alto',2,519),
(1315,1,5,37,15,31.3,'Bajo',2,519),
(1316,1,5,38,16,44.4,'Alto',2,519),
(1317,1,5,39,6,50,'Alto',2,519),
(1318,1,5,40,8,50,'Alto',2,519),
(1319,1,5,41,11,55,'Bajo',2,519),
(1320,1,5,42,5,20.8,'Sin riesgo',2,519),
(1321,1,5,36,61,39.1,'Alto',2,519),
(1322,1,5,44,7,43.8,'Muy alto',2,519),
(1323,1,5,45,5,20.8,'Medio',2,519),
(1324,1,5,43,12,30,'Muy alto',2,519),
(1325,1,5,56,157,40.5,'Muy alto',2,519),
(1326,1,4,2,19,36.5,'Alto',1,519),
(1327,1,4,3,29,51.8,'Muy alto',1,519),
(1328,1,4,4,8,40,'Medio',1,519),
(1329,1,4,5,0,0,'Sin riesgo',1,519),
(1330,1,4,1,56,34.1,'Alto',1,519),
(1331,1,4,7,11,39.3,'Alto',1,519),
(1332,1,4,8,2,16.7,'Bajo',1,519),
(1333,1,4,9,2,12.5,'Sin riesgo',1,519),
(1334,1,4,10,2,12.5,'Medio',1,519),
(1335,1,4,12,6,50,'Alto',1,519),
(1336,1,4,6,23,27.4,'Medio',1,519),
(1337,1,4,14,24,50,'Muy alto',1,519),
(1338,1,4,15,19,52.8,'Muy alto',1,519),
(1339,1,4,16,6,25,'Sin riesgo',1,519),
(1340,1,4,17,10,62.5,'Muy alto',1,519),
(1341,1,4,18,12,50,'Bajo',1,519),
(1342,1,4,19,8,40,'Sin riesgo',1,519),
(1343,1,4,20,12,60,'Muy alto',1,519),
(1344,1,4,21,1,8.3,'Sin riesgo',1,519),
(1345,1,4,13,92,46,'Alto',1,519),
(1346,1,4,23,4,20,'Alto',1,519),
(1347,1,4,24,7,29.2,'Alto',1,519),
(1348,1,4,22,11,25,'Alto',1,519),
(1349,1,4,55,182,37,'Alto',1,519),
(1350,1,3,2,20,38.5,'Alto',1,519),
(1351,1,3,3,25,44.6,'Muy alto',1,519),
(1401,1,43,45,8,33.3,'Alto',2,527),
(1402,1,43,43,9,22.5,'Alto',2,527),
(1403,1,43,56,144,37.1,'Alto',2,527),
(1434,1,44,54,37.6,61.5,'Muy alto',4,519),
(1405,1,44,46,8,50,'Alto',3,519),
(1406,1,44,47,1,8.3,'Sin riesgo',3,519),
(1407,1,44,48,9,45,'Muy alto',3,519),
(1408,1,44,49,6,50,'Alto',3,519),
(1409,1,44,50,12,33.3,'Muy alto',3,519),
(1410,1,44,51,5,41.7,'Alto',3,519),
(1411,1,44,52,12,75,'Muy alto',3,519),
(1412,1,44,53,53,42.7,'Muy alto',3,519),
(1413,1,44,26,14,26.9,'Alto',2,519),
(1414,1,44,27,17,35.4,'Alto',2,519),
(1415,1,44,28,8,40,'Alto',2,519),
(1416,1,44,25,39,32.5,'Alto',2,519),
(1417,1,44,30,12,60,'Muy alto',2,519),
(1418,1,44,31,3,25,'Medio',2,519),
(1419,1,44,32,4,33.3,'Bajo',2,519),
(1420,1,44,33,3,18.8,'Bajo',2,519),
(1421,1,44,35,0,0,'Sin riesgo',2,519),
(1422,1,44,29,22,30.6,'Medio',2,519),
(1423,1,44,37,21,43.8,'Alto',2,519),
(1424,1,44,38,20,55.6,'Muy alto',2,519),
(1425,1,44,39,11,91.7,'Muy alto',2,519),
(1426,1,44,40,9,56.3,'Muy alto',2,519),
(1427,1,44,41,12,60,'Bajo',2,519),
(1428,1,44,42,11,45.8,'Medio',2,519),
(1429,1,44,36,84,53.8,'Muy alto',2,519),
(1430,1,44,44,6,37.5,'Muy alto',2,519),
(1431,1,44,45,11,45.8,'Muy alto',2,519),
(1432,1,44,43,17,42.5,'Muy alto',2,519),
(1433,1,44,56,162,41.8,'Muy alto',2,519);

/*Table structure for table `cliente` */

DROP TABLE IF EXISTS `cliente`;

CREATE TABLE `cliente` (
  `idcl` int NOT NULL AUTO_INCREMENT,
  `nombre` text CHARACTER SET utf8mb3 COLLATE utf8mb3_spanish_ci NOT NULL,
  `fecharegistro` text CHARACTER SET utf8mb3 COLLATE utf8mb3_unicode_ci NOT NULL,
  `estatus` int NOT NULL,
  `usuario` text CHARACTER SET utf8mb3 COLLATE utf8mb3_spanish_ci NOT NULL,
  `clave` text CHARACTER SET utf8mb3 COLLATE utf8mb3_spanish_ci NOT NULL,
  `pines` int NOT NULL,
  `pinesdisp` int DEFAULT NULL,
  `nroidcc` varchar(150) CHARACTER SET utf8mb3 COLLATE utf8mb3_spanish_ci DEFAULT NULL,
  `profesion` varchar(150) CHARACTER SET utf8mb3 COLLATE utf8mb3_spanish_ci DEFAULT NULL,
  `postgrado` varchar(150) CHARACTER SET utf8mb3 COLLATE utf8mb3_spanish_ci DEFAULT NULL,
  `nrotarjprof` varchar(150) CHARACTER SET utf8mb3 COLLATE utf8mb3_spanish_ci DEFAULT NULL,
  `nrolicprof` varchar(150) CHARACTER SET utf8mb3 COLLATE utf8mb3_spanish_ci DEFAULT NULL,
  `fechexp` date DEFAULT NULL,
  `celular` text CHARACTER SET utf8mb3 COLLATE utf8mb3_unicode_ci,
  `infcompletada` int NOT NULL DEFAULT '0',
  PRIMARY KEY (`idcl`),
  UNIQUE KEY `idc` (`idcl`)
) ENGINE=MyISAM AUTO_INCREMENT=128 DEFAULT CHARSET=utf8mb3 COLLATE=utf8mb3_unicode_ci;

/*Data for the table `cliente` */

insert  into `cliente`(`idcl`,`nombre`,`fecharegistro`,`estatus`,`usuario`,`clave`,`pines`,`pinesdisp`,`nroidcc`,`profesion`,`postgrado`,`nrotarjprof`,`nrolicprof`,`fechexp`,`celular`,`infcompletada`) values 
(1,'AMS','2020-08-22',0,'ams@gmail.com','81dc9bdb52d04dc20036dbd8313ed055',0,0,'0','0','0','0','0','2020-08-22','0',0),
(118,'Fabian  Quintero','2025-06-27',1,'grovveip@gmail.com','81dc9bdb52d04dc20036dbd8313ed055',120,80,'10046553','Des software','no','543435345','345345345345','2025-01-21','3042065930',1),
(127,'xxx yyy','2025-07-22',1,'xxx@gmail.com','1848ebfc0e21d49cccb49833a85e90ea',10,10,NULL,NULL,NULL,NULL,NULL,NULL,NULL,0);

/*Table structure for table `compra` */

DROP TABLE IF EXISTS `compra`;

CREATE TABLE `compra` (
  `id` int NOT NULL AUTO_INCREMENT,
  `pines` int NOT NULL,
  `precio` int NOT NULL DEFAULT '100000',
  `dia` int NOT NULL,
  `mes` int NOT NULL,
  `ano` int NOT NULL,
  `id_venta` text,
  `id_cliente` int DEFAULT NULL,
  `porcentaje_descuento` int DEFAULT NULL,
  PRIMARY KEY (`id`)
) ENGINE=MyISAM AUTO_INCREMENT=189 DEFAULT CHARSET=latin1;

/*Data for the table `compra` */

insert  into `compra`(`id`,`pines`,`precio`,`dia`,`mes`,`ano`,`id_venta`,`id_cliente`,`porcentaje_descuento`) values 
(166,20,40000,27,6,2025,'1111',118,0),
(184,100,10000,1,7,2025,'1111',118,0),
(187,10,10000,22,7,2025,'1111',127,5);

/*Table structure for table `departamentos` */

DROP TABLE IF EXISTS `departamentos`;

CREATE TABLE `departamentos` (
  `iddepto` int NOT NULL AUTO_INCREMENT,
  `nombre` varchar(150) CHARACTER SET utf8mb3 COLLATE utf8mb3_spanish_ci NOT NULL,
  `status` int DEFAULT '0',
  `idcl` int NOT NULL,
  `alias` varchar(50) CHARACTER SET utf8mb3 COLLATE utf8mb3_spanish_ci NOT NULL,
  `fechacreacion` date NOT NULL DEFAULT '2000-01-01',
  PRIMARY KEY (`iddepto`)
) ENGINE=MyISAM AUTO_INCREMENT=532 DEFAULT CHARSET=utf8mb3 COLLATE=utf8mb3_unicode_ci;

/*Data for the table `departamentos` */

insert  into `departamentos`(`iddepto`,`nombre`,`status`,`idcl`,`alias`,`fechacreacion`) values 
(527,'juridica',0,118,'juridica','2000-01-01'),
(526,'recursos humanos',0,118,'recursos humanos','2000-01-01'),
(520,'Ventas',0,118,'Ventas','2025-07-02'),
(519,'Sistemas',0,118,'Sistemas','2025-06-27');

/*Table structure for table `empleado` */

DROP TABLE IF EXISTS `empleado`;

CREATE TABLE `empleado` (
  `idus` int NOT NULL AUTO_INCREMENT,
  `idcl` int DEFAULT NULL,
  `idempresa` int DEFAULT NULL,
  `empresa` text CHARACTER SET utf8mb3 COLLATE utf8mb3_spanish_ci,
  `nombre` text CHARACTER SET utf8mb3 COLLATE utf8mb3_spanish_ci,
  `sexo` int DEFAULT NULL,
  `estadocivil` int DEFAULT NULL,
  `nacimiento` date DEFAULT NULL,
  `estudios` text CHARACTER SET utf8mb3 COLLATE utf8mb3_spanish_ci,
  `ocupacion` text CHARACTER SET utf8mb3 COLLATE utf8mb3_spanish_ci,
  `departamentoresidencia` text CHARACTER SET utf8mb3 COLLATE utf8mb3_spanish_ci,
  `ciudadresidencia` text CHARACTER SET utf8mb3 COLLATE utf8mb3_spanish_ci,
  `estrato` text CHARACTER SET utf8mb3 COLLATE utf8mb3_unicode_ci,
  `vivienda` text CHARACTER SET utf8mb3 COLLATE utf8mb3_spanish_ci,
  `cargafamiliar` int DEFAULT NULL,
  `departamentotrabajo` text CHARACTER SET utf8mb3 COLLATE utf8mb3_spanish_ci,
  `ciudadtrabajo` text CHARACTER SET utf8mb3 COLLATE utf8mb3_spanish_ci,
  `aniostrabajo` int DEFAULT NULL,
  `cargotrabajo` text CHARACTER SET utf8mb3 COLLATE utf8mb3_spanish_ci,
  `tipocargo` text CHARACTER SET utf8mb3 COLLATE utf8mb3_spanish_ci,
  `anioscargo` int DEFAULT NULL,
  `areatrabajo` text CHARACTER SET utf8mb3 COLLATE utf8mb3_unicode_ci,
  `tipocontrato` text CHARACTER SET utf8mb3 COLLATE utf8mb3_spanish_ci,
  `horastrabdiarias` int DEFAULT NULL,
  `tiposalario` text CHARACTER SET utf8mb3 COLLATE utf8mb3_spanish_ci,
  `fecharegistro` date DEFAULT NULL,
  `fechaaplicacion` date DEFAULT NULL,
  `estatus` int DEFAULT '0',
  `test1` int DEFAULT '0',
  `step0t1` int DEFAULT '0',
  `step00t1` int DEFAULT '0',
  `answ1t1` int DEFAULT '0',
  `step1t1` int DEFAULT '0',
  `answ2t1` int DEFAULT '0',
  `step2t1` int DEFAULT '0',
  `test2` int DEFAULT '0',
  `step0t2` int DEFAULT '0',
  `step00t2` int DEFAULT '0',
  `answ1t2` int DEFAULT '0',
  `step1t2` int DEFAULT '0',
  `test3` int DEFAULT '0',
  `step0t3` int DEFAULT '0',
  `test4` int DEFAULT '0',
  `step0t4` int DEFAULT '0',
  `correo` text COLLATE utf8mb3_unicode_ci,
  PRIMARY KEY (`idus`)
) ENGINE=MyISAM AUTO_INCREMENT=45 DEFAULT CHARSET=utf8mb3 COLLATE=utf8mb3_unicode_ci;

/*Data for the table `empleado` */

insert  into `empleado`(`idus`,`idcl`,`idempresa`,`empresa`,`nombre`,`sexo`,`estadocivil`,`nacimiento`,`estudios`,`ocupacion`,`departamentoresidencia`,`ciudadresidencia`,`estrato`,`vivienda`,`cargafamiliar`,`departamentotrabajo`,`ciudadtrabajo`,`aniostrabajo`,`cargotrabajo`,`tipocargo`,`anioscargo`,`areatrabajo`,`tipocontrato`,`horastrabdiarias`,`tiposalario`,`fecharegistro`,`fechaaplicacion`,`estatus`,`test1`,`step0t1`,`step00t1`,`answ1t1`,`step1t1`,`answ2t1`,`step2t1`,`test2`,`step0t2`,`step00t2`,`answ1t2`,`step1t2`,`test3`,`step0t3`,`test4`,`step0t4`,`correo`) values 
(4,118,1,'CocaCola','Daniela',1,1,'1994-01-22','7','Des software','Amazonas','Valledupar','1','1',6,'Amazonas','Valledupar',6,'Desarrollador','1',6,'519','1',6,'1','2025-06-28','2025-06-28',0,2,1,1,1,1,1,1,0,0,0,0,0,2,1,2,1,'daniela43434@gmail.com'),
(3,118,1,'CocaCola','Fabian ',2,2,'2000-01-22','7','Des software','Amazonas','Valledupar','1','1',4,'Amazonas','Valledupar',4,'Desarrollador','1',4,'519','1',4,'1','2025-06-28','2025-06-28',0,2,1,1,1,1,1,1,0,0,0,0,0,2,1,2,1,NULL),
(5,118,1,'CocaCola','Cristian',2,3,'2004-01-22','10','Des software','Antioquia','Valledupar','2','3',3,'Antioquia','Valledupar',3,'Desarrollador','3',3,'519','2',6,'2','2025-06-28','2025-06-28',0,0,0,0,0,0,0,0,2,1,1,1,1,2,1,2,1,NULL),
(6,118,1,'CocaCola','Fabian 2',2,3,'2000-07-09','1','Des software','Amazonas','Valledupar','1','1',2,'Amazonas','Valledupar',2,'2','1',2,'520','1',2,'1','2025-07-03','2025-07-03',0,2,1,1,1,1,1,1,0,0,0,0,0,2,1,2,1,'juan2@gmail.com'),
(25,118,2,'Nissan','Juanes Aroca',1,2,'2000-01-22','4','Desarrollador','Cesar','Valledupar','2','2',2,'Cesar','valledupar',4,'Empleado','3',4,'519','3',8,'1','2025-07-04','2025-07-04',0,1,0,0,0,0,0,0,0,0,0,0,0,1,0,1,0,'persona1@gmail.com'),
(26,118,2,'Nissan','Juana',2,2,'1998-02-22','7','Psicologo','Cesar','Valledupar','5','3',2,'Cesar','valledupar',3,'Empleado','3',4,'520','4',4,'1','2025-07-04','2025-07-04',0,1,0,0,0,0,0,0,0,0,0,0,0,1,0,1,0,'persona2@gmail.com'),
(27,118,2,'Nissan','Gabriela',2,3,'1999-06-24','6','Microbiologo','Cesar','Valledupar','5','1',3,'Cesar','valledupar',2,'jefe','1',3,'526','3',5,'1','2025-07-04','2025-07-04',0,1,0,0,0,0,0,0,0,0,0,0,0,1,0,1,0,'persona3@gmail.com'),
(28,118,2,'Nissan','Josefina',2,5,'1975-01-30','8','Abogado','Cesar','Valledupar','6','2',4,'Cesar','valledupar',2,'Jefe','1',3,'526','3',5,'2','2025-07-04','2025-07-04',0,0,0,0,0,0,0,0,1,0,0,0,0,1,0,1,0,'persona4@gmail.com'),
(29,118,2,'Nissan','Juan Jose ',1,5,'1995-03-12','6','abogado','Cesar','Valledupar','7','2',6,'Cesar','valledupar',1,'Empleado','4',2,'527','2',5,'3','2025-07-04','2025-07-04',0,0,0,0,0,0,0,0,1,0,0,0,0,1,0,1,0,'persona5@gmail.com'),
(30,118,2,'Nissan','Braulio',1,6,'1994-06-15','7','desarrollador','Cesar','Valledupar','5','3',5,'Cesar','valledupar',4,'Empleado','4',4,'519','2',5,'2','2025-07-04','2025-07-04',0,0,0,0,0,0,0,0,1,0,0,0,0,1,0,1,0,'persona6@gmail.com'),
(32,118,1,'CocaCola','Juan Jose 2',2,3,'1998-01-22','8','Des software','Amazonas','Valledupar','1','1',2,'Amazonas','Valledupar',2,'Desarrollador','4',2,'520','1',8,'2','2025-07-04','2025-07-04',0,0,0,0,0,0,0,0,2,1,1,1,1,2,1,2,1,'juan22@gmail.com'),
(33,118,1,'CocaCola','Daniela 4',1,3,'1988-12-12','9','Militar','Cesar','Valledupar','6','1',1,'Cesar','Valledupar',2,'Teniente','1',2,'519','3',12,'3','2025-07-04','2025-07-04',0,2,1,1,1,1,1,1,0,0,0,0,0,2,1,2,1,'daniela4@gmail.com'),
(42,118,1,'CocaCola','Araque',2,2,'1987-12-12','8','Des software','Cesar','Valledupar','1','1',1,'Cesar','Valledupar',2,'Desarrollador','2',2,'519','1',8,'1','2025-07-11','2025-07-11',0,2,1,1,1,1,1,1,0,0,0,0,0,2,1,2,1,'a@gmail.com'),
(35,118,3,'DAZN','Juanes',1,2,'2000-01-22','4','Desarrollador','Cesar','Valledupar','2','2',2,'Cesar','valledupar',4,'Empleado','3',2,'519','3',3,'1','2025-07-05','2025-07-05',0,1,0,0,0,0,0,0,0,0,0,0,0,1,0,1,0,'persona1@gmail.com'),
(36,118,3,'DAZN','Juana',2,2,'1998-02-22','7','Psicologo','Cesar','Valledupar','5','3',2,'Cesar','valledupar',3,'Empleado','3',4,'520','4',4,'1','2025-07-05','2025-07-05',0,1,0,0,0,0,0,0,0,0,0,0,0,1,0,1,0,'persona2@gmail.com'),
(37,118,3,'DAZN','Gabriela',2,3,'1999-06-24','6','Microbiologo','Cesar','Valledupar','5','1',3,'Cesar','valledupar',2,'jefe','1',3,'526','3',5,'1','2025-07-05','2025-07-05',0,1,0,0,0,0,0,0,0,0,0,0,0,1,0,1,0,'persona3@gmail.com'),
(38,118,3,'DAZN','Josefina',2,5,'1975-01-30','8','Abogado','Cesar','Valledupar','6','2',4,'Cesar','valledupar',2,'Jefe','1',3,'526','3',5,'2','2025-07-05','2025-07-05',0,0,0,0,0,0,0,0,1,0,0,0,0,1,0,1,0,'persona4@gmail.com'),
(39,118,3,'DAZN','Juan Jose ',1,5,'1995-03-12','6','abogado','Cesar','Valledupar','7','2',6,'Cesar','valledupar',1,'Empleado','4',2,'527','2',5,'3','2025-07-05','2025-07-05',0,0,0,0,0,0,0,0,1,0,0,0,0,1,0,1,0,'persona5@gmail.com'),
(40,118,3,'DAZN','Braulio',1,6,'1994-06-15','7','desarrollador','Cesar','Valledupar','5','3',5,'Cesar','valledupar',4,'Empleado','4',4,'519','2',5,'2','2025-07-05','2025-07-05',0,0,0,0,0,0,0,0,1,0,0,0,0,1,0,1,0,'persona6@gmail.com'),
(41,118,1,'CocaCola','Xiamir',2,1,'1995-12-12','10','Des software','Amazonas','Valledupar','1','1',5,'Amazonas','Valledupar',5,'Desarrollador','1',5,'519','6',5,'3','2025-07-07','2025-07-07',0,0,0,0,0,0,0,0,2,1,1,1,1,2,1,2,1,'x@gmail.com'),
(43,118,1,'CocaCola','hdhgsdfg fdgsdfg',1,1,'1978-01-22','6','Des software','Amazonas','Valledupar','1','1',3,'Amazonas','Valledupar',3,'Desarrollador','1',3,'527','1',3,'1','2025-07-16','2025-07-16',0,0,0,0,0,0,0,0,2,1,1,1,1,2,1,2,1,'sdfgsdfg@gmail.com'),
(44,118,1,'CocaCola','sdfsdf',1,1,'1998-12-12','2','Des software','Amazonas','Valledupar','1','1',3,'Amazonas','Valledupar',34,'Desarrollador','2',33,'519','1',43,'1','2025-07-16','2025-07-16',0,0,0,0,0,0,0,0,2,1,1,1,1,2,1,2,1,'sdfsdaf@gmail.com');

/*Table structure for table `empresa` */

DROP TABLE IF EXISTS `empresa`;

CREATE TABLE `empresa` (
  `idem` int NOT NULL AUTO_INCREMENT,
  `idcl` int NOT NULL,
  `empresa` text CHARACTER SET utf8mb3 COLLATE utf8mb3_spanish_ci NOT NULL,
  `nrousuarios` int NOT NULL,
  `pinesusados` int DEFAULT '0',
  `fecha` date NOT NULL,
  `token` text CHARACTER SET utf8mb3 COLLATE utf8mb3_unicode_ci NOT NULL,
  `descargado` date DEFAULT NULL,
  `borrados` int DEFAULT '0',
  `sociodemografico` int NOT NULL DEFAULT '0',
  `descargados` int DEFAULT '0',
  PRIMARY KEY (`idem`)
) ENGINE=MyISAM AUTO_INCREMENT=7 DEFAULT CHARSET=utf8mb3 COLLATE=utf8mb3_unicode_ci;

/*Data for the table `empresa` */

insert  into `empresa`(`idem`,`idcl`,`empresa`,`nrousuarios`,`pinesusados`,`fecha`,`token`,`descargado`,`borrados`,`sociodemografico`,`descargados`) values 
(1,118,'CocaCola',11,11,'2025-06-27','CocaCola_118','2025-06-27',1,2,0),
(2,118,'Nissan',6,6,'2025-06-27','Nissan_118',NULL,0,0,0),
(3,118,'DAZN',6,6,'2025-07-05','DAZN_118',NULL,0,0,0),
(4,118,'Empresa 2',17,0,'2025-07-05','Empresa 2_118',NULL,0,0,0);

/*Table structure for table `estres` */

DROP TABLE IF EXISTS `estres`;

CREATE TABLE `estres` (
  `id` int NOT NULL AUTO_INCREMENT,
  `preg1` int NOT NULL,
  `preg2` int NOT NULL,
  `preg3` int NOT NULL,
  `preg4` int NOT NULL,
  `preg5` int NOT NULL,
  `preg6` int NOT NULL,
  `preg7` int NOT NULL,
  `preg8` int NOT NULL,
  `preg9` int NOT NULL,
  `preg10` int NOT NULL,
  `preg11` int NOT NULL,
  `preg12` int NOT NULL,
  `preg13` int NOT NULL,
  `preg14` int NOT NULL,
  `preg15` int NOT NULL,
  `preg16` int NOT NULL,
  `preg17` int NOT NULL,
  `preg18` int NOT NULL,
  `preg19` int NOT NULL,
  `preg20` int NOT NULL,
  `preg21` int NOT NULL,
  `preg22` int NOT NULL,
  `preg23` int NOT NULL,
  `preg24` int NOT NULL,
  `preg25` int NOT NULL,
  `preg26` int NOT NULL,
  `preg27` int NOT NULL,
  `preg28` int NOT NULL,
  `preg29` int NOT NULL,
  `preg30` int NOT NULL,
  `preg31` int NOT NULL,
  `id_empl` int NOT NULL,
  PRIMARY KEY (`id`)
) ENGINE=MyISAM AUTO_INCREMENT=60 DEFAULT CHARSET=latin1;

/*Data for the table `estres` */

insert  into `estres`(`id`,`preg1`,`preg2`,`preg3`,`preg4`,`preg5`,`preg6`,`preg7`,`preg8`,`preg9`,`preg10`,`preg11`,`preg12`,`preg13`,`preg14`,`preg15`,`preg16`,`preg17`,`preg18`,`preg19`,`preg20`,`preg21`,`preg22`,`preg23`,`preg24`,`preg25`,`preg26`,`preg27`,`preg28`,`preg29`,`preg30`,`preg31`,`id_empl`) values 
(55,6,9,6,4,4,4,3,3,9,0,6,2,3,9,3,4,6,4,4,3,1,3,3,3,4,6,0,4,3,2,1,32),
(54,9,0,9,2,2,2,2,1,3,4,2,1,6,6,3,2,4,2,4,2,3,1,9,3,4,4,4,2,2,1,2,33),
(53,3,9,0,0,6,6,2,3,0,0,0,0,0,0,0,4,4,4,6,2,2,3,0,6,2,2,0,6,3,3,3,41),
(52,6,6,6,0,6,2,2,2,3,6,2,3,3,9,3,4,4,4,4,2,0,2,6,3,6,4,6,6,2,1,2,42),
(51,9,6,0,2,2,6,2,3,9,4,2,2,9,3,3,4,0,4,4,1,2,2,3,9,4,4,4,2,1,2,3,43),
(50,6,6,9,6,6,2,1,3,6,2,0,2,9,3,0,2,6,4,4,2,1,2,6,6,2,2,6,6,3,3,2,44),
(49,6,6,6,0,0,6,3,2,9,2,0,3,0,6,3,0,0,4,2,1,0,0,0,9,4,4,6,0,2,2,2,44),
(48,9,6,9,2,6,4,3,3,9,6,2,1,9,3,9,0,2,2,6,2,1,3,0,9,6,4,2,2,2,1,2,43),
(47,6,6,6,4,2,4,2,3,9,2,2,1,9,9,0,6,6,0,2,3,1,3,6,9,6,2,6,2,3,1,0,3),
(46,0,0,9,2,4,6,2,1,3,2,4,1,6,9,0,6,6,4,6,1,2,1,3,3,2,4,2,6,2,2,1,4),
(45,9,9,6,2,4,0,2,1,9,6,2,0,6,3,3,2,2,2,6,1,0,2,6,6,4,6,4,0,1,2,0,5),
(44,9,9,0,0,2,6,3,3,3,6,0,1,6,3,6,4,0,2,2,1,2,0,9,6,2,6,6,6,2,1,1,6),
(43,3,3,0,4,2,2,1,2,6,6,2,2,0,9,0,6,2,2,6,2,1,3,3,6,6,4,4,0,0,3,2,32),
(42,9,9,6,2,4,6,2,2,0,6,6,3,0,6,6,6,2,2,4,0,3,3,6,6,4,0,2,2,3,3,3,33),
(41,3,0,3,4,4,6,3,2,0,6,6,2,6,3,3,2,6,6,6,3,1,1,0,0,6,6,4,4,2,3,2,41),
(40,3,3,3,0,0,2,0,1,6,2,4,2,9,6,9,4,4,4,4,3,2,3,6,9,6,6,6,6,3,3,3,42),
(56,3,9,6,4,2,2,1,2,3,4,2,2,9,3,6,6,6,4,2,3,1,3,3,9,6,4,4,0,3,3,2,6),
(57,3,0,0,0,2,0,2,3,6,4,4,2,3,3,3,2,6,4,4,2,2,3,6,3,4,2,2,4,1,3,2,5),
(58,6,9,3,6,2,4,3,1,6,4,2,2,3,9,6,4,6,2,4,3,1,1,3,6,4,6,6,0,1,2,2,4),
(59,6,6,3,2,4,6,2,2,6,4,4,1,6,6,3,2,0,4,0,1,2,3,9,3,4,0,6,2,2,2,1,3);

/*Table structure for table `extralaboral` */

DROP TABLE IF EXISTS `extralaboral`;

CREATE TABLE `extralaboral` (
  `id` int NOT NULL AUTO_INCREMENT,
  `preg1` int NOT NULL,
  `preg2` int NOT NULL,
  `preg3` int NOT NULL,
  `preg4` int NOT NULL,
  `preg5` int NOT NULL,
  `preg6` int NOT NULL,
  `preg7` int NOT NULL,
  `preg8` int NOT NULL,
  `preg9` int NOT NULL,
  `preg10` int NOT NULL,
  `preg11` int NOT NULL,
  `preg12` int NOT NULL,
  `preg13` int NOT NULL,
  `preg14` int NOT NULL,
  `preg15` int NOT NULL,
  `preg16` int NOT NULL,
  `preg17` int NOT NULL,
  `preg18` int NOT NULL,
  `preg19` int NOT NULL,
  `preg20` int NOT NULL,
  `preg21` int NOT NULL,
  `preg22` int NOT NULL,
  `preg23` int NOT NULL,
  `preg24` int NOT NULL,
  `preg25` int NOT NULL,
  `preg26` int NOT NULL,
  `preg27` int NOT NULL,
  `preg28` int NOT NULL,
  `preg29` int NOT NULL,
  `preg30` int NOT NULL,
  `preg31` int NOT NULL,
  `id_empl` int NOT NULL,
  PRIMARY KEY (`id`)
) ENGINE=MyISAM AUTO_INCREMENT=48 DEFAULT CHARSET=latin1;

/*Data for the table `extralaboral` */

insert  into `extralaboral`(`id`,`preg1`,`preg2`,`preg3`,`preg4`,`preg5`,`preg6`,`preg7`,`preg8`,`preg9`,`preg10`,`preg11`,`preg12`,`preg13`,`preg14`,`preg15`,`preg16`,`preg17`,`preg18`,`preg19`,`preg20`,`preg21`,`preg22`,`preg23`,`preg24`,`preg25`,`preg26`,`preg27`,`preg28`,`preg29`,`preg30`,`preg31`,`id_empl`) values 
(47,4,0,4,4,0,3,1,2,0,4,0,1,1,2,1,1,4,4,2,0,1,1,2,4,0,1,0,0,1,3,2,44),
(46,3,2,2,1,1,2,0,1,2,1,1,1,1,0,0,1,1,2,0,2,2,2,4,3,1,4,1,0,1,3,1,43),
(45,1,4,1,1,2,2,2,1,2,3,3,2,3,2,3,0,0,1,2,2,3,3,4,3,4,4,4,0,0,2,3,3),
(44,1,4,1,1,2,0,2,2,0,2,1,2,2,2,2,1,1,4,0,2,2,1,1,0,0,2,1,3,2,2,3,4),
(43,2,4,2,2,1,3,2,2,2,2,2,0,1,2,2,1,1,2,2,2,1,1,3,3,1,3,2,2,2,3,2,5),
(42,4,2,4,1,3,2,1,2,1,4,3,2,0,0,4,2,1,2,4,2,2,3,1,3,0,3,2,2,2,2,3,6),
(41,0,2,3,2,0,4,0,3,0,3,2,0,2,0,0,0,0,1,2,4,2,2,2,2,2,4,0,4,0,3,2,32),
(40,4,2,3,0,3,0,0,4,2,1,3,3,4,2,0,3,2,0,4,3,4,3,4,2,0,2,1,4,2,2,2,33),
(39,2,1,3,0,1,1,2,2,2,2,2,3,3,2,2,2,2,2,2,1,1,1,0,2,2,2,2,3,1,4,3,41),
(38,1,4,4,1,2,0,1,0,4,0,4,0,2,1,2,2,3,0,1,4,0,0,2,3,1,2,0,3,1,2,3,42);

/*Table structure for table `informe_general` */

DROP TABLE IF EXISTS `informe_general`;

CREATE TABLE `informe_general` (
  `id` int NOT NULL AUTO_INCREMENT,
  `id_empresa` int NOT NULL,
  `id_cliente` int NOT NULL,
  `id_departamento` int NOT NULL,
  `tipo_informe` text CHARACTER SET latin1 COLLATE latin1_swedish_ci NOT NULL,
  `fecha` date NOT NULL,
  PRIMARY KEY (`id`)
) ENGINE=MyISAM AUTO_INCREMENT=22 DEFAULT CHARSET=latin1;

/*Data for the table `informe_general` */

insert  into `informe_general`(`id`,`id_empresa`,`id_cliente`,`id_departamento`,`tipo_informe`,`fecha`) values 
(21,1,118,519,'B','2025-07-18'),
(20,1,118,519,'A','2025-07-18');

/*Table structure for table `informe_tabla` */

DROP TABLE IF EXISTS `informe_tabla`;

CREATE TABLE `informe_tabla` (
  `id` int NOT NULL,
  `id_empresa` int NOT NULL,
  `id_cliente` int NOT NULL,
  `id_departamento` int NOT NULL,
  `nombre_archivo` text NOT NULL,
  `fecha` date NOT NULL
) ENGINE=MyISAM DEFAULT CHARSET=latin1;

/*Data for the table `informe_tabla` */

/*Table structure for table `intra_a` */

DROP TABLE IF EXISTS `intra_a`;

CREATE TABLE `intra_a` (
  `id` int NOT NULL AUTO_INCREMENT,
  `preg1` int NOT NULL,
  `preg2` int NOT NULL,
  `preg3` int NOT NULL,
  `preg4` int NOT NULL,
  `preg5` int NOT NULL,
  `preg6` int NOT NULL,
  `preg7` int NOT NULL,
  `preg8` int NOT NULL,
  `preg9` int NOT NULL,
  `preg10` int NOT NULL,
  `preg11` int NOT NULL,
  `preg12` int NOT NULL,
  `preg13` int NOT NULL,
  `preg14` int NOT NULL,
  `preg15` int NOT NULL,
  `preg16` int NOT NULL,
  `preg17` int NOT NULL,
  `preg18` int NOT NULL,
  `preg19` int NOT NULL,
  `preg20` int NOT NULL,
  `preg21` int NOT NULL,
  `preg22` int NOT NULL,
  `preg23` int NOT NULL,
  `preg24` int NOT NULL,
  `preg25` int NOT NULL,
  `preg26` int NOT NULL,
  `preg27` int NOT NULL,
  `preg28` int NOT NULL,
  `preg29` int NOT NULL,
  `preg30` int NOT NULL,
  `preg31` int NOT NULL,
  `preg32` int NOT NULL,
  `preg33` int NOT NULL,
  `preg34` int NOT NULL,
  `preg35` int NOT NULL,
  `preg36` int NOT NULL,
  `preg37` int NOT NULL,
  `preg38` int NOT NULL,
  `preg39` int NOT NULL,
  `preg40` int NOT NULL,
  `preg41` int NOT NULL,
  `preg42` int NOT NULL,
  `preg43` int NOT NULL,
  `preg44` int NOT NULL,
  `preg45` int NOT NULL,
  `preg46` int NOT NULL,
  `preg47` int NOT NULL,
  `preg48` int NOT NULL,
  `preg49` int NOT NULL,
  `preg50` int NOT NULL,
  `preg51` int DEFAULT NULL,
  `preg52` int DEFAULT NULL,
  `preg53` int DEFAULT NULL,
  `preg54` int DEFAULT NULL,
  `preg55` int DEFAULT NULL,
  `preg56` int DEFAULT NULL,
  `preg57` int DEFAULT NULL,
  `preg58` int DEFAULT NULL,
  `preg59` int DEFAULT NULL,
  `preg60` int DEFAULT NULL,
  `preg61` int DEFAULT NULL,
  `preg62` int DEFAULT NULL,
  `preg63` int DEFAULT NULL,
  `preg64` int DEFAULT NULL,
  `preg65` int DEFAULT NULL,
  `preg66` int DEFAULT NULL,
  `preg67` int DEFAULT NULL,
  `preg68` int DEFAULT NULL,
  `preg69` int DEFAULT NULL,
  `preg70` int DEFAULT NULL,
  `preg71` int DEFAULT NULL,
  `preg72` int DEFAULT NULL,
  `preg73` int DEFAULT NULL,
  `preg74` int DEFAULT NULL,
  `preg75` int DEFAULT NULL,
  `preg76` int DEFAULT NULL,
  `preg77` int DEFAULT NULL,
  `preg78` int DEFAULT NULL,
  `preg79` int DEFAULT NULL,
  `preg80` int DEFAULT NULL,
  `preg81` int DEFAULT NULL,
  `preg82` int DEFAULT NULL,
  `preg83` int DEFAULT NULL,
  `preg84` int DEFAULT NULL,
  `preg85` int DEFAULT NULL,
  `preg86` int DEFAULT NULL,
  `preg87` int DEFAULT NULL,
  `preg88` int DEFAULT NULL,
  `preg89` int DEFAULT NULL,
  `preg90` int DEFAULT NULL,
  `preg91` int DEFAULT NULL,
  `preg92` int DEFAULT NULL,
  `preg93` int DEFAULT NULL,
  `preg94` int DEFAULT NULL,
  `preg95` int DEFAULT NULL,
  `preg96` int DEFAULT NULL,
  `preg97` int DEFAULT NULL,
  `preg98` int DEFAULT NULL,
  `preg99` int DEFAULT NULL,
  `preg100` int DEFAULT NULL,
  `preg101` int DEFAULT NULL,
  `preg102` int DEFAULT NULL,
  `preg103` int DEFAULT NULL,
  `preg104` int DEFAULT NULL,
  `preg105` int DEFAULT NULL,
  `preg106` int DEFAULT '0',
  `preg107` int DEFAULT '0',
  `preg108` int DEFAULT '0',
  `preg109` int DEFAULT '0',
  `preg110` int DEFAULT '0',
  `preg111` int DEFAULT '0',
  `preg112` int DEFAULT '0',
  `preg113` int DEFAULT '0',
  `preg114` int DEFAULT '0',
  `preg115` int DEFAULT '0',
  `preg116` int DEFAULT '0',
  `preg117` int DEFAULT '0',
  `preg118` int DEFAULT '0',
  `preg119` int DEFAULT '0',
  `preg120` int DEFAULT '0',
  `preg121` int DEFAULT '0',
  `preg122` int DEFAULT '0',
  `preg123` int DEFAULT '0',
  `id_empl` int NOT NULL,
  PRIMARY KEY (`id`)
) ENGINE=MyISAM AUTO_INCREMENT=23 DEFAULT CHARSET=latin1;

/*Data for the table `intra_a` */

insert  into `intra_a`(`id`,`preg1`,`preg2`,`preg3`,`preg4`,`preg5`,`preg6`,`preg7`,`preg8`,`preg9`,`preg10`,`preg11`,`preg12`,`preg13`,`preg14`,`preg15`,`preg16`,`preg17`,`preg18`,`preg19`,`preg20`,`preg21`,`preg22`,`preg23`,`preg24`,`preg25`,`preg26`,`preg27`,`preg28`,`preg29`,`preg30`,`preg31`,`preg32`,`preg33`,`preg34`,`preg35`,`preg36`,`preg37`,`preg38`,`preg39`,`preg40`,`preg41`,`preg42`,`preg43`,`preg44`,`preg45`,`preg46`,`preg47`,`preg48`,`preg49`,`preg50`,`preg51`,`preg52`,`preg53`,`preg54`,`preg55`,`preg56`,`preg57`,`preg58`,`preg59`,`preg60`,`preg61`,`preg62`,`preg63`,`preg64`,`preg65`,`preg66`,`preg67`,`preg68`,`preg69`,`preg70`,`preg71`,`preg72`,`preg73`,`preg74`,`preg75`,`preg76`,`preg77`,`preg78`,`preg79`,`preg80`,`preg81`,`preg82`,`preg83`,`preg84`,`preg85`,`preg86`,`preg87`,`preg88`,`preg89`,`preg90`,`preg91`,`preg92`,`preg93`,`preg94`,`preg95`,`preg96`,`preg97`,`preg98`,`preg99`,`preg100`,`preg101`,`preg102`,`preg103`,`preg104`,`preg105`,`preg106`,`preg107`,`preg108`,`preg109`,`preg110`,`preg111`,`preg112`,`preg113`,`preg114`,`preg115`,`preg116`,`preg117`,`preg118`,`preg119`,`preg120`,`preg121`,`preg122`,`preg123`,`id_empl`) values 
(22,0,0,4,1,3,4,4,3,1,2,3,1,2,1,0,4,2,0,0,4,0,0,2,3,4,0,2,3,3,1,0,3,2,2,1,3,3,0,4,1,4,4,1,1,4,4,3,3,4,4,3,4,1,3,0,4,2,2,0,4,2,2,3,1,4,0,0,2,1,2,1,1,2,2,1,1,1,1,2,3,0,1,3,0,4,0,4,4,1,2,0,1,0,2,2,2,1,0,2,2,1,1,1,0,2,3,1,3,2,3,3,4,2,3,0,1,2,0,3,0,0,2,1,3),
(21,4,0,3,2,1,2,2,4,0,3,2,1,0,1,2,2,2,0,0,1,3,3,3,4,0,2,4,2,4,2,0,2,0,1,3,2,2,3,0,2,0,0,0,2,0,4,1,0,1,1,0,0,4,1,4,0,1,1,0,0,2,0,4,0,0,3,2,1,0,1,2,3,1,1,1,2,1,4,1,4,4,1,4,4,2,0,0,1,1,2,1,4,1,0,1,2,0,1,0,2,2,0,2,0,1,0,0,1,3,4,2,3,3,3,0,0,0,0,0,0,0,0,0,4),
(20,4,2,3,1,3,3,3,4,1,2,3,2,2,1,3,3,0,2,2,4,3,3,3,3,2,3,2,3,2,2,1,3,4,0,0,2,3,2,2,2,1,1,4,2,4,0,4,1,2,3,2,2,4,1,2,2,2,1,1,0,1,2,2,4,3,0,0,0,0,0,0,1,2,1,1,3,0,1,2,2,2,2,4,0,2,2,0,2,2,2,0,1,0,2,3,2,1,2,2,0,1,1,2,1,1,0,0,0,0,0,0,0,0,0,0,0,0,0,0,0,0,0,0,6),
(19,3,3,4,1,2,4,2,4,1,3,2,2,2,2,1,3,2,4,3,4,3,3,2,2,2,1,3,3,4,3,2,2,2,2,4,2,2,2,4,0,1,1,2,4,2,1,1,0,0,4,1,3,1,2,4,2,0,0,2,2,3,0,0,1,2,2,1,0,1,3,2,2,2,0,1,0,3,2,1,3,0,3,0,2,0,4,1,1,4,2,4,1,4,2,2,1,0,1,0,2,2,1,1,1,4,2,3,3,2,4,2,2,4,4,4,3,1,2,2,4,1,0,3,33),
(18,3,3,3,1,1,4,0,4,0,0,1,4,1,4,4,0,0,3,1,4,0,4,0,1,0,4,2,3,3,4,4,0,3,2,4,4,3,4,1,4,4,4,0,1,0,0,2,0,0,0,4,0,4,4,0,0,0,0,1,0,1,1,1,4,1,0,0,1,1,3,3,0,0,4,4,3,3,4,0,3,0,1,0,4,3,0,0,0,0,0,3,3,3,3,3,1,4,4,0,4,4,4,1,1,1,0,0,3,2,2,3,3,1,2,0,0,0,0,0,0,0,0,0,42);

/*Table structure for table `intra_b` */

DROP TABLE IF EXISTS `intra_b`;

CREATE TABLE `intra_b` (
  `id` int NOT NULL AUTO_INCREMENT,
  `preg1` int NOT NULL,
  `preg2` int NOT NULL,
  `preg3` int NOT NULL,
  `preg4` int NOT NULL,
  `preg5` int NOT NULL,
  `preg6` int NOT NULL,
  `preg7` int NOT NULL,
  `preg8` int NOT NULL,
  `preg9` int NOT NULL,
  `preg10` int NOT NULL,
  `preg11` int NOT NULL,
  `preg12` int NOT NULL,
  `preg13` int NOT NULL,
  `preg14` int NOT NULL,
  `preg15` int NOT NULL,
  `preg16` int NOT NULL,
  `preg17` int NOT NULL,
  `preg18` int NOT NULL,
  `preg19` int NOT NULL,
  `preg20` int NOT NULL,
  `preg21` int NOT NULL,
  `preg22` int NOT NULL,
  `preg23` int NOT NULL,
  `preg24` int NOT NULL,
  `preg25` int NOT NULL,
  `preg26` int NOT NULL,
  `preg27` int NOT NULL,
  `preg28` int NOT NULL,
  `preg29` int NOT NULL,
  `preg30` int NOT NULL,
  `preg31` int NOT NULL,
  `preg32` int NOT NULL,
  `preg33` int NOT NULL,
  `preg34` int NOT NULL,
  `preg35` int NOT NULL,
  `preg36` int NOT NULL,
  `preg37` int NOT NULL,
  `preg38` int NOT NULL,
  `preg39` int NOT NULL,
  `preg40` int NOT NULL,
  `preg41` int NOT NULL,
  `preg42` int NOT NULL,
  `preg43` int NOT NULL,
  `preg44` int NOT NULL,
  `preg45` int NOT NULL,
  `preg46` int NOT NULL,
  `preg47` int NOT NULL,
  `preg48` int NOT NULL,
  `preg49` int NOT NULL,
  `preg50` int NOT NULL,
  `preg51` int DEFAULT NULL,
  `preg52` int DEFAULT NULL,
  `preg53` int DEFAULT NULL,
  `preg54` int DEFAULT NULL,
  `preg55` int DEFAULT NULL,
  `preg56` int DEFAULT NULL,
  `preg57` int DEFAULT NULL,
  `preg58` int DEFAULT NULL,
  `preg59` int DEFAULT NULL,
  `preg60` int DEFAULT NULL,
  `preg61` int DEFAULT NULL,
  `preg62` int DEFAULT NULL,
  `preg63` int DEFAULT NULL,
  `preg64` int DEFAULT NULL,
  `preg65` int DEFAULT NULL,
  `preg66` int DEFAULT NULL,
  `preg67` int DEFAULT NULL,
  `preg68` int DEFAULT NULL,
  `preg69` int DEFAULT NULL,
  `preg70` int DEFAULT NULL,
  `preg71` int DEFAULT NULL,
  `preg72` int DEFAULT NULL,
  `preg73` int DEFAULT NULL,
  `preg74` int DEFAULT NULL,
  `preg75` int DEFAULT NULL,
  `preg76` int DEFAULT NULL,
  `preg77` int DEFAULT NULL,
  `preg78` int DEFAULT NULL,
  `preg79` int DEFAULT NULL,
  `preg80` int DEFAULT NULL,
  `preg81` int DEFAULT NULL,
  `preg82` int DEFAULT NULL,
  `preg83` int DEFAULT NULL,
  `preg84` int DEFAULT NULL,
  `preg85` int DEFAULT NULL,
  `preg86` int DEFAULT NULL,
  `preg87` int DEFAULT NULL,
  `preg88` int DEFAULT '0',
  `preg89` int DEFAULT '0',
  `preg90` int DEFAULT '0',
  `preg91` int DEFAULT '0',
  `preg92` int DEFAULT '0',
  `preg93` int DEFAULT '0',
  `preg94` int DEFAULT '0',
  `preg95` int DEFAULT '0',
  `preg96` int DEFAULT '0',
  `preg97` int DEFAULT '0',
  `id_empl` int DEFAULT '0',
  PRIMARY KEY (`id`)
) ENGINE=MyISAM AUTO_INCREMENT=23 DEFAULT CHARSET=latin1;

/*Data for the table `intra_b` */

insert  into `intra_b`(`id`,`preg1`,`preg2`,`preg3`,`preg4`,`preg5`,`preg6`,`preg7`,`preg8`,`preg9`,`preg10`,`preg11`,`preg12`,`preg13`,`preg14`,`preg15`,`preg16`,`preg17`,`preg18`,`preg19`,`preg20`,`preg21`,`preg22`,`preg23`,`preg24`,`preg25`,`preg26`,`preg27`,`preg28`,`preg29`,`preg30`,`preg31`,`preg32`,`preg33`,`preg34`,`preg35`,`preg36`,`preg37`,`preg38`,`preg39`,`preg40`,`preg41`,`preg42`,`preg43`,`preg44`,`preg45`,`preg46`,`preg47`,`preg48`,`preg49`,`preg50`,`preg51`,`preg52`,`preg53`,`preg54`,`preg55`,`preg56`,`preg57`,`preg58`,`preg59`,`preg60`,`preg61`,`preg62`,`preg63`,`preg64`,`preg65`,`preg66`,`preg67`,`preg68`,`preg69`,`preg70`,`preg71`,`preg72`,`preg73`,`preg74`,`preg75`,`preg76`,`preg77`,`preg78`,`preg79`,`preg80`,`preg81`,`preg82`,`preg83`,`preg84`,`preg85`,`preg86`,`preg87`,`preg88`,`preg89`,`preg90`,`preg91`,`preg92`,`preg93`,`preg94`,`preg95`,`preg96`,`preg97`,`id_empl`) values 
(22,0,4,0,1,0,0,1,4,4,4,2,1,3,4,4,3,3,2,4,4,0,0,4,4,4,0,3,2,4,1,0,2,1,0,0,0,2,4,0,2,0,1,0,0,0,0,1,4,0,0,0,0,1,2,2,2,2,2,1,1,1,1,4,0,0,4,0,2,1,0,4,0,1,1,0,1,4,2,1,2,1,4,3,0,2,0,2,2,0,4,2,3,2,2,3,3,1,44),
(21,4,0,3,1,4,2,4,4,0,2,4,2,4,2,3,2,0,0,3,1,4,0,2,0,4,3,0,2,4,0,4,3,1,0,4,0,0,2,2,4,1,0,4,2,1,4,1,2,3,1,0,4,1,2,4,0,2,0,1,1,4,1,1,0,1,3,0,0,0,4,2,0,0,0,1,2,1,2,2,0,0,4,1,1,0,0,0,1,0,0,0,0,0,0,0,0,0,43),
(20,1,2,2,0,0,2,3,2,2,0,0,1,3,2,1,3,2,4,2,2,1,0,0,0,4,2,2,0,3,0,2,1,2,0,2,2,2,2,1,1,4,1,2,4,1,0,2,1,1,0,2,4,0,3,3,2,0,2,4,1,0,4,2,1,0,3,2,0,0,4,2,2,1,0,4,2,0,0,1,3,0,1,0,0,3,1,1,2,1,0,2,3,3,1,0,4,2,5),
(19,3,2,4,1,2,2,2,2,1,2,4,1,2,3,1,3,3,4,2,2,2,0,4,3,2,2,4,4,3,4,1,1,1,1,1,2,2,3,3,2,0,0,1,2,1,1,3,1,0,1,2,0,1,1,1,2,1,3,0,0,0,1,1,4,1,4,4,2,2,0,0,2,1,2,1,2,1,1,3,3,0,4,4,4,4,4,1,1,0,4,3,3,0,2,0,3,0,32),
(18,0,4,3,1,1,2,3,3,0,3,3,1,3,1,2,2,3,3,3,2,2,1,4,0,4,4,4,4,4,0,0,0,0,0,0,0,0,2,1,3,1,0,2,2,2,1,1,2,2,1,3,2,0,2,0,0,0,2,3,1,0,1,1,1,2,2,1,1,1,1,1,1,2,2,2,2,2,2,1,3,1,3,3,2,2,0,0,0,2,2,3,3,2,1,2,2,1,41);

/*Table structure for table `normas` */

DROP TABLE IF EXISTS `normas`;

CREATE TABLE `normas` (
  `iddi` int NOT NULL AUTO_INCREMENT,
  `cuestionario` int NOT NULL,
  `dimension` varchar(150) CHARACTER SET utf8mb3 COLLATE utf8mb3_spanish_ci NOT NULL,
  `factortransform` float NOT NULL,
  `sinriesgomin` float NOT NULL,
  `sinriesgomax` float NOT NULL,
  `riesgobajomin` float NOT NULL,
  `riesgobajomax` float NOT NULL,
  `riesgomedmin` float NOT NULL,
  `riesgomedmax` float NOT NULL,
  `riesgoaltomin` float NOT NULL,
  `riesgoaltomax` float NOT NULL,
  `riesgmuyaltmin` float NOT NULL,
  `riesgmuyaltmax` float NOT NULL,
  `total` int DEFAULT '0',
  PRIMARY KEY (`iddi`)
) ENGINE=MyISAM AUTO_INCREMENT=66 DEFAULT CHARSET=utf8mb3 COLLATE=utf8mb3_spanish_ci;

/*Data for the table `normas` */

insert  into `normas`(`iddi`,`cuestionario`,`dimension`,`factortransform`,`sinriesgomin`,`sinriesgomax`,`riesgobajomin`,`riesgobajomax`,`riesgomedmin`,`riesgomedmax`,`riesgoaltomin`,`riesgoaltomax`,`riesgmuyaltmin`,`riesgmuyaltmax`,`total`) values 
(1,1,'Liderazgo y relaciones sociales en el trabajo',164,0,9.1,9.2,17.7,17.8,25.6,25.7,34.8,34.9,100,1),
(2,1,'Características de liderazgo',52,0,3.8,3.9,15.4,15.5,30.8,30.9,46.2,46.3,100,0),
(3,1,'Relaciones sociales en el trabajo',56,0,5.4,5.5,16,16.1,25,25.1,37.5,37.6,100,0),
(4,1,'Retroalimentación del desempeño',20,0,10,10.1,25,25.1,40,40.1,55,55.1,100,0),
(5,1,'Relación con los colaboradores (subordinados)',36,0,13.9,14,25,25.1,33.3,33.4,47.2,47.3,100,0),
(6,1,'Control sobre el trabajo',84,0,10.7,10.8,19,19.1,29.8,29.9,40.5,40.6,100,1),
(7,1,'Claridad de rol',28,0,0.9,1,10.7,10.8,21.4,21.5,39.3,39.4,100,0),
(8,1,'Capacitación',12,0,0.9,1,16.7,16.8,33.3,33.4,50,50.1,100,0),
(9,1,'Participación y manejo del cambio',16,0,12.5,12.6,25,25.1,37.5,37.6,50,50.1,100,0),
(10,1,'Oportunidades para el uso y desarrollo de habilidades y conocimientos',16,0,0.9,1,6.3,6.4,18.8,18.9,31.3,31.4,100,0),
(12,1,'Control y autonomía sobre el trabajo',12,0,8.3,8.4,25,25.1,41.7,41.8,58.3,58.4,100,0),
(13,1,'Demandas del trabajo',200,0,28.5,28.6,35,35.1,41.5,41.6,47.5,47.6,100,1),
(14,1,'Demandas ambientales y de esfuerzo físico',48,0,14.6,14.7,22.9,23,31.3,31.4,39.6,39.7,100,0),
(15,1,'Demandas emocionales',36,0,16.7,16.8,25,25.1,33.3,33.4,47.2,47.3,100,0),
(16,1,'Demandas cuantitativas',24,0,25,25.1,33.3,33.4,45.8,45.9,54.2,54.3,100,0),
(17,1,'Influencia del trabajo sobre el entorno extralaboral',16,0,18.8,18.9,31.3,31.4,43.8,43.9,50,50.1,100,0),
(18,1,'Exigencias de responsabilidad del cargo',24,0,37.5,37.6,54.2,54.3,66.7,66.8,79.2,79.3,100,0),
(19,1,'Demandas de carga mental',20,0,60,60.1,70,70.1,80,80.1,90,90.1,100,0),
(20,1,'Consistencia del rol',20,0,15,15.1,25,25.1,35,35.1,45,45.1,100,0),
(21,1,'Demandas de la jornada del trabajo',12,0,8.3,8.4,25,25.1,33.3,33.4,50,50.1,100,0),
(22,1,'Recompensas',44,0,4.5,4.6,11.4,11.5,20.5,20.6,29.5,29.6,100,1),
(23,1,'Recompensas derivadas de la pertenencia a la organización y del trabajo que se realiza',20,0,0.9,1,5,5.1,10,10.1,20,20.1,100,0),
(24,1,'Reconocimiento y compensación',24,0,4.2,4.3,16.7,16.8,25,25.1,37.5,37.6,100,0),
(25,2,'Liderazgo y relaciones sociales en el trabajo',120,0,8.3,8.4,17.5,17.6,26.7,26.8,38.3,38.4,100,1),
(26,2,'Características de liderazgo',52,0,3.8,3.9,13.5,13.6,25,25.1,38.5,38.6,100,0),
(27,2,'Relaciones sociales en el trabajo',48,0,6.3,6.4,14.6,14.7,27.1,27.2,37.5,37.6,100,0),
(28,2,'Retroalimentación del desempeño',20,0,5,5.1,20,20.1,30,30.1,50,50.1,100,0),
(29,2,'Control sobre el trabajo',72,0,19.4,19.5,26.4,26.5,34.7,34.8,43.1,43.2,100,1),
(30,2,'Claridad de rol',20,0,0.9,1,5,5.1,15,15.1,30,30.1,100,0),
(31,2,'Capacitación',12,0,0.9,1,16.7,16.8,25,25.1,50,50.1,100,0),
(32,2,'Participación y manejo del cambio',12,0,16.7,16.8,33.3,33.4,41.7,41.8,58.3,58.4,100,0),
(33,2,'Oportunidades para el uso y desarrollo de habilidades y conocimientos',16,0,12.5,12.6,25,25.1,37.5,37.6,56.3,56.4,100,0),
(35,2,'Control y autonomía sobre el trabajo',12,0,33.3,33.4,50,50.1,66.7,66.8,75,75.1,100,0),
(36,2,'Demandas del trabajo',156,0,26.9,27,33.3,33.4,37.8,37.9,44.2,43.3,100,1),
(37,2,'Demandas ambientales y de esfuerzo físico',48,0,22.9,23,31.3,31.4,39.6,39.7,47.9,48,100,0),
(38,2,'Demandas emocionales',36,0,19.4,19.5,27.8,27.9,38.9,39,47.2,47.3,100,0),
(39,2,'Demandas cuantitativas',12,0,16.7,16.8,33.3,33.4,41.7,41.8,50,50.1,100,0),
(40,2,'Influencia del trabajo sobre el entorno extralaboral',16,0,12.5,12.6,25,25.1,31.3,31.4,50,50.1,100,0),
(41,2,'Demandas de carga mental',20,0,50,50.1,65,65.1,75,75.1,85,85.1,100,0),
(42,2,'Demandas de la jornada del trabajo',24,0,25,25.1,37.5,37.6,45.8,45.9,58.3,58.4,100,0),
(43,2,'Recompensas',40,0,2.5,2.6,10,10.1,17.5,17.6,27.5,27.6,100,1),
(44,2,'Recompensas derivadas de la pertenencia a la organización y del trabajo que se realiza',16,0,0.9,1,6.3,6.4,12.5,12.6,18.8,18.9,100,0),
(45,2,'Reconocimiento y compensación',24,0,0.9,1,12.5,12.6,25,25.1,37.5,37.6,100,0),
(46,3,'Tiempos fuera del trabajo',16,0,6.3,6.4,25,25.1,37.5,37.6,50,50.1,100,0),
(47,3,'Relaciones familiares',12,0,8.3,8.4,25,25.1,33.3,33.4,50,50.1,100,0),
(48,3,'Comunicación y relaciones interpersonales',20,0,0.9,1,10,10.1,20,20.1,30,30.1,100,0),
(49,3,'Situación económica del grupo familiar',12,0,8.3,8.4,25,25.1,33.3,33.4,50,50.1,100,0),
(50,3,'Características de la vivienda y de su entorno',36,0,5.6,5.7,11.1,11.2,13.9,14,22.2,22.3,100,0),
(51,3,'Influencia del entorno extralaboral sobre el trabajo',12,0,8.3,8.4,16.7,16.8,25,25.1,41.7,41.8,100,0),
(52,3,'Desplazamiento vivienda - trabajo - vivienda',16,0,0.9,1,12.5,12.6,25,25.1,43.8,43.9,100,0),
(53,3,'TOTAL GENERAL FACTORES DE RIESGO PSICOSOCIAL EXTRALABORAL',124,0,11.3,11.4,16.9,17,22.6,22.7,29,29.1,100,2),
(54,4,'TOTAL GENERAL SINTOMAS DE ESTRÉS',61.16,0,7.8,7.9,12.6,12.7,17.7,17.8,25,25.1,100,2),
(55,1,'TOTAL GENERAL FACTORES DE RIESGO PSICOSOCIAL INTRALABORAL A',492,0,19.7,19.8,25.8,25.9,31.5,31.6,38,38.1,100,2),
(56,2,'TOTAL GENERAL FACTORES DE RIESGO PSICOSOCIAL INTRALABORAL B',388,0,20.6,20.7,26,26.1,31.2,31.3,38.7,38.8,100,2);

/*Table structure for table `paquetes` */

DROP TABLE IF EXISTS `paquetes`;

CREATE TABLE `paquetes` (
  `id` int NOT NULL AUTO_INCREMENT,
  `nombre` text COLLATE utf8mb3_spanish_ci,
  `numero_pines` text COLLATE utf8mb3_spanish_ci,
  `precio_pin` text COLLATE utf8mb3_spanish_ci,
  `subtotal` double DEFAULT NULL,
  `total` double DEFAULT NULL,
  `descuento` double DEFAULT NULL,
  PRIMARY KEY (`id`)
) ENGINE=InnoDB AUTO_INCREMENT=14 DEFAULT CHARSET=utf8mb3 COLLATE=utf8mb3_spanish_ci;

/*Data for the table `paquetes` */

insert  into `paquetes`(`id`,`nombre`,`numero_pines`,`precio_pin`,`subtotal`,`total`,`descuento`) values 
(4,'Paquete Bronce','50','15600',780000,700000,10),
(5,'Paquete Silver','100','13330',1200000,1333000,10),
(6,'Paquete Gold','200','12220',2444000,2200000,10),
(11,'Paquete Platino','500','11111',5555500,5000000,10),
(13,'Paquete Prueba','1','4000',4000,2000,50);